ISO-10303-21;
HEADER;
/* Generated by software containing ST-Developer
 * from STEP Tools, Inc. (www.steptools.com) 
 */
/* OPTION: using custom renumber hook */

FILE_DESCRIPTION(
/* description */ ('STEP AP242 Edition 2',
'CAx-IF Rec.Pracs.---Representation and Presentation of Product Manufa
cturing Information (PMI)---4.0---2014-10-13',
'CAx-IF Rec.Pracs.---3D Tessellated Geometry---0.4---2014-09-14','2;1',
'CAx-IF Rec.Pracs.---User Defined Attributes---1.5---2016-08-15'),
/* implementation_level */ '2;1');

FILE_NAME(
/* name */ 'Part Studio 1',
/* time_stamp */ '2026-06-04T09:21:02Z',
/* author */ (''),
/* organization */ (''),
/* preprocessor_version */ 'ST-DEVELOPER v20',
/* originating_system */ 'ONSHAPE BY PTC INC, 1.215',
/* authorisation */ '  ');

FILE_SCHEMA (('AP242_MANAGED_MODEL_BASED_3D_ENGINEERING_MIM_LF { 1 0 10303 442 3 1 4 }'));
ENDSEC;

DATA;
#10=CYLINDRICAL_SURFACE('',#2125,0.0015);
#11=CYLINDRICAL_SURFACE('',#2126,0.0015);
#12=CYLINDRICAL_SURFACE('',#2167,0.01);
#13=CYLINDRICAL_SURFACE('',#2168,0.01);
#14=CYLINDRICAL_SURFACE('',#2169,0.01);
#15=CYLINDRICAL_SURFACE('',#2170,0.01);
#16=CYLINDRICAL_SURFACE('',#2175,0.0075);
#17=CYLINDRICAL_SURFACE('',#2176,0.0075);
#18=CYLINDRICAL_SURFACE('',#2177,0.0075);
#19=CYLINDRICAL_SURFACE('',#2178,0.0075);
#20=CYLINDRICAL_SURFACE('',#2183,0.005);
#21=CYLINDRICAL_SURFACE('',#2184,0.005);
#22=CYLINDRICAL_SURFACE('',#2185,0.005);
#23=CYLINDRICAL_SURFACE('',#2186,0.005);
#24=CYLINDRICAL_SURFACE('',#2187,0.004);
#25=CYLINDRICAL_SURFACE('',#2191,0.004);
#26=CYLINDRICAL_SURFACE('',#2195,0.004);
#27=CYLINDRICAL_SURFACE('',#2199,0.004);
#28=CYLINDRICAL_SURFACE('',#2203,0.0015);
#29=CYLINDRICAL_SURFACE('',#2204,0.0015);
#30=CYLINDRICAL_SURFACE('',#2205,0.0015);
#31=CYLINDRICAL_SURFACE('',#2206,0.0015);
#32=CYLINDRICAL_SURFACE('',#2238,0.003);
#33=CYLINDRICAL_SURFACE('',#2242,0.003);
#34=CYLINDRICAL_SURFACE('',#2246,0.003);
#35=CYLINDRICAL_SURFACE('',#2250,0.003);
#36=CYLINDRICAL_SURFACE('',#2254,0.0015);
#37=CYLINDRICAL_SURFACE('',#2255,0.0015);
#38=CYLINDRICAL_SURFACE('',#2256,0.0015);
#39=CYLINDRICAL_SURFACE('',#2257,0.0015);
#40=CYLINDRICAL_SURFACE('',#2266,0.01);
#41=CYLINDRICAL_SURFACE('',#2267,0.01);
#42=CYLINDRICAL_SURFACE('',#2268,0.01);
#43=CYLINDRICAL_SURFACE('',#2269,0.01);
#44=CIRCLE('',#2120,0.0015);
#45=CIRCLE('',#2121,0.0015);
#46=CIRCLE('',#2123,0.0015);
#47=CIRCLE('',#2124,0.0015);
#48=CIRCLE('',#2129,0.0015);
#49=CIRCLE('',#2130,0.0015);
#50=CIRCLE('',#2131,0.0015);
#51=CIRCLE('',#2132,0.0015);
#52=CIRCLE('',#2133,0.005);
#53=CIRCLE('',#2134,0.005);
#54=CIRCLE('',#2135,0.005);
#55=CIRCLE('',#2136,0.005);
#56=CIRCLE('',#2137,0.01);
#57=CIRCLE('',#2138,0.01);
#58=CIRCLE('',#2139,0.01);
#59=CIRCLE('',#2140,0.01);
#60=CIRCLE('',#2142,0.004);
#61=CIRCLE('',#2143,0.004);
#62=CIRCLE('',#2144,0.004);
#63=CIRCLE('',#2145,0.004);
#64=CIRCLE('',#2146,0.005);
#65=CIRCLE('',#2147,0.005);
#66=CIRCLE('',#2148,0.005);
#67=CIRCLE('',#2149,0.005);
#68=CIRCLE('',#2150,0.0075);
#69=CIRCLE('',#2151,0.0075);
#70=CIRCLE('',#2152,0.0075);
#71=CIRCLE('',#2153,0.0075);
#72=CIRCLE('',#2155,0.01);
#73=CIRCLE('',#2156,0.01);
#74=CIRCLE('',#2157,0.01);
#75=CIRCLE('',#2158,0.01);
#76=CIRCLE('',#2159,0.0075);
#77=CIRCLE('',#2160,0.0075);
#78=CIRCLE('',#2161,0.0075);
#79=CIRCLE('',#2162,0.0075);
#80=CIRCLE('',#2188,0.004);
#81=CIRCLE('',#2190,0.0015);
#82=CIRCLE('',#2192,0.004);
#83=CIRCLE('',#2194,0.0015);
#84=CIRCLE('',#2196,0.004);
#85=CIRCLE('',#2198,0.0015);
#86=CIRCLE('',#2200,0.004);
#87=CIRCLE('',#2202,0.0015);
#88=CIRCLE('',#2216,0.0015);
#89=CIRCLE('',#2217,0.003);
#90=CIRCLE('',#2218,0.003);
#91=CIRCLE('',#2219,0.003);
#92=CIRCLE('',#2220,0.003);
#93=CIRCLE('',#2221,0.01);
#94=CIRCLE('',#2222,0.01);
#95=CIRCLE('',#2223,0.01);
#96=CIRCLE('',#2224,0.01);
#97=CIRCLE('',#2226,0.0015);
#98=CIRCLE('',#2227,0.0015);
#99=CIRCLE('',#2228,0.0015);
#100=CIRCLE('',#2229,0.0015);
#101=CIRCLE('',#2230,0.01);
#102=CIRCLE('',#2231,0.01);
#103=CIRCLE('',#2232,0.01);
#104=CIRCLE('',#2233,0.01);
#105=CIRCLE('',#2239,0.003);
#106=CIRCLE('',#2241,0.0015);
#107=CIRCLE('',#2243,0.003);
#108=CIRCLE('',#2245,0.0015);
#109=CIRCLE('',#2247,0.003);
#110=CIRCLE('',#2249,0.0015);
#111=CIRCLE('',#2251,0.003);
#112=CIRCLE('',#2253,0.0015);
#113=SHAPE_REPRESENTATION_RELATIONSHIP('','',#2091,#122);
#114=SHAPE_REPRESENTATION_RELATIONSHIP('','',#2092,#123);
#115=SHAPE_REPRESENTATION_RELATIONSHIP('','',#2093,#124);
#116=SHAPE_REPRESENTATION_RELATIONSHIP('','',#2094,#125);
#117=SHAPE_REPRESENTATION_RELATIONSHIP('','',#2095,#126);
#118=SHAPE_REPRESENTATION_RELATIONSHIP('','',#2096,#127);
#119=SHAPE_REPRESENTATION_RELATIONSHIP('','',#2097,#128);
#120=SHAPE_REPRESENTATION_RELATIONSHIP('','',#2098,#129);
#121=SHAPE_REPRESENTATION_RELATIONSHIP('','',#2099,#130);
#122=ADVANCED_BREP_SHAPE_REPRESENTATION('',(#2073),#3434);
#123=ADVANCED_BREP_SHAPE_REPRESENTATION('',(#2074),#3435);
#124=ADVANCED_BREP_SHAPE_REPRESENTATION('',(#2075),#3436);
#125=ADVANCED_BREP_SHAPE_REPRESENTATION('',(#2076),#3437);
#126=ADVANCED_BREP_SHAPE_REPRESENTATION('',(#2077),#3438);
#127=ADVANCED_BREP_SHAPE_REPRESENTATION('',(#2078),#3439);
#128=ADVANCED_BREP_SHAPE_REPRESENTATION('',(#2079),#3440);
#129=ADVANCED_BREP_SHAPE_REPRESENTATION('',(#2080),#3441);
#130=ADVANCED_BREP_SHAPE_REPRESENTATION('',(#2081),#3442);
#131=ORIENTED_EDGE('',*,*,#633,.F.);
#132=ORIENTED_EDGE('',*,*,#634,.F.);
#133=ORIENTED_EDGE('',*,*,#635,.T.);
#134=ORIENTED_EDGE('',*,*,#636,.T.);
#135=ORIENTED_EDGE('',*,*,#637,.T.);
#136=ORIENTED_EDGE('',*,*,#638,.F.);
#137=ORIENTED_EDGE('',*,*,#639,.F.);
#138=ORIENTED_EDGE('',*,*,#634,.T.);
#139=ORIENTED_EDGE('',*,*,#640,.T.);
#140=ORIENTED_EDGE('',*,*,#641,.F.);
#141=ORIENTED_EDGE('',*,*,#642,.F.);
#142=ORIENTED_EDGE('',*,*,#638,.T.);
#143=ORIENTED_EDGE('',*,*,#643,.F.);
#144=ORIENTED_EDGE('',*,*,#636,.F.);
#145=ORIENTED_EDGE('',*,*,#644,.T.);
#146=ORIENTED_EDGE('',*,*,#641,.T.);
#147=ORIENTED_EDGE('',*,*,#635,.F.);
#148=ORIENTED_EDGE('',*,*,#639,.T.);
#149=ORIENTED_EDGE('',*,*,#642,.T.);
#150=ORIENTED_EDGE('',*,*,#644,.F.);
#151=ORIENTED_EDGE('',*,*,#633,.T.);
#152=ORIENTED_EDGE('',*,*,#643,.T.);
#153=ORIENTED_EDGE('',*,*,#640,.F.);
#154=ORIENTED_EDGE('',*,*,#637,.F.);
#155=ORIENTED_EDGE('',*,*,#645,.F.);
#156=ORIENTED_EDGE('',*,*,#646,.F.);
#157=ORIENTED_EDGE('',*,*,#647,.T.);
#158=ORIENTED_EDGE('',*,*,#648,.T.);
#159=ORIENTED_EDGE('',*,*,#649,.T.);
#160=ORIENTED_EDGE('',*,*,#650,.F.);
#161=ORIENTED_EDGE('',*,*,#651,.F.);
#162=ORIENTED_EDGE('',*,*,#646,.T.);
#163=ORIENTED_EDGE('',*,*,#652,.T.);
#164=ORIENTED_EDGE('',*,*,#653,.F.);
#165=ORIENTED_EDGE('',*,*,#654,.F.);
#166=ORIENTED_EDGE('',*,*,#650,.T.);
#167=ORIENTED_EDGE('',*,*,#655,.F.);
#168=ORIENTED_EDGE('',*,*,#648,.F.);
#169=ORIENTED_EDGE('',*,*,#656,.T.);
#170=ORIENTED_EDGE('',*,*,#653,.T.);
#171=ORIENTED_EDGE('',*,*,#647,.F.);
#172=ORIENTED_EDGE('',*,*,#651,.T.);
#173=ORIENTED_EDGE('',*,*,#654,.T.);
#174=ORIENTED_EDGE('',*,*,#656,.F.);
#175=ORIENTED_EDGE('',*,*,#645,.T.);
#176=ORIENTED_EDGE('',*,*,#655,.T.);
#177=ORIENTED_EDGE('',*,*,#652,.F.);
#178=ORIENTED_EDGE('',*,*,#649,.F.);
#179=ORIENTED_EDGE('',*,*,#657,.F.);
#180=ORIENTED_EDGE('',*,*,#658,.F.);
#181=ORIENTED_EDGE('',*,*,#659,.T.);
#182=ORIENTED_EDGE('',*,*,#660,.T.);
#183=ORIENTED_EDGE('',*,*,#661,.T.);
#184=ORIENTED_EDGE('',*,*,#662,.F.);
#185=ORIENTED_EDGE('',*,*,#663,.F.);
#186=ORIENTED_EDGE('',*,*,#658,.T.);
#187=ORIENTED_EDGE('',*,*,#664,.T.);
#188=ORIENTED_EDGE('',*,*,#665,.F.);
#189=ORIENTED_EDGE('',*,*,#666,.F.);
#190=ORIENTED_EDGE('',*,*,#662,.T.);
#191=ORIENTED_EDGE('',*,*,#667,.F.);
#192=ORIENTED_EDGE('',*,*,#660,.F.);
#193=ORIENTED_EDGE('',*,*,#668,.T.);
#194=ORIENTED_EDGE('',*,*,#665,.T.);
#195=ORIENTED_EDGE('',*,*,#669,.F.);
#196=ORIENTED_EDGE('',*,*,#670,.F.);
#197=ORIENTED_EDGE('',*,*,#659,.F.);
#198=ORIENTED_EDGE('',*,*,#663,.T.);
#199=ORIENTED_EDGE('',*,*,#666,.T.);
#200=ORIENTED_EDGE('',*,*,#668,.F.);
#201=ORIENTED_EDGE('',*,*,#671,.T.);
#202=ORIENTED_EDGE('',*,*,#672,.T.);
#203=ORIENTED_EDGE('',*,*,#657,.T.);
#204=ORIENTED_EDGE('',*,*,#667,.T.);
#205=ORIENTED_EDGE('',*,*,#664,.F.);
#206=ORIENTED_EDGE('',*,*,#661,.F.);
#207=ORIENTED_EDGE('',*,*,#670,.T.);
#208=ORIENTED_EDGE('',*,*,#672,.F.);
#209=ORIENTED_EDGE('',*,*,#669,.T.);
#210=ORIENTED_EDGE('',*,*,#671,.F.);
#211=ORIENTED_EDGE('',*,*,#673,.F.);
#212=ORIENTED_EDGE('',*,*,#674,.F.);
#213=ORIENTED_EDGE('',*,*,#675,.F.);
#214=ORIENTED_EDGE('',*,*,#676,.F.);
#215=ORIENTED_EDGE('',*,*,#677,.F.);
#216=ORIENTED_EDGE('',*,*,#678,.F.);
#217=ORIENTED_EDGE('',*,*,#679,.F.);
#218=ORIENTED_EDGE('',*,*,#680,.F.);
#219=ORIENTED_EDGE('',*,*,#681,.F.);
#220=ORIENTED_EDGE('',*,*,#682,.T.);
#221=ORIENTED_EDGE('',*,*,#683,.T.);
#222=ORIENTED_EDGE('',*,*,#684,.T.);
#223=ORIENTED_EDGE('',*,*,#685,.T.);
#224=ORIENTED_EDGE('',*,*,#686,.T.);
#225=ORIENTED_EDGE('',*,*,#687,.F.);
#226=ORIENTED_EDGE('',*,*,#688,.T.);
#227=ORIENTED_EDGE('',*,*,#689,.F.);
#228=ORIENTED_EDGE('',*,*,#690,.T.);
#229=ORIENTED_EDGE('',*,*,#691,.T.);
#230=ORIENTED_EDGE('',*,*,#692,.F.);
#231=ORIENTED_EDGE('',*,*,#693,.F.);
#232=ORIENTED_EDGE('',*,*,#694,.F.);
#233=ORIENTED_EDGE('',*,*,#695,.F.);
#234=ORIENTED_EDGE('',*,*,#696,.F.);
#235=ORIENTED_EDGE('',*,*,#697,.T.);
#236=ORIENTED_EDGE('',*,*,#698,.T.);
#237=ORIENTED_EDGE('',*,*,#699,.T.);
#238=ORIENTED_EDGE('',*,*,#700,.T.);
#239=ORIENTED_EDGE('',*,*,#701,.T.);
#240=ORIENTED_EDGE('',*,*,#702,.F.);
#241=ORIENTED_EDGE('',*,*,#703,.T.);
#242=ORIENTED_EDGE('',*,*,#704,.F.);
#243=ORIENTED_EDGE('',*,*,#705,.F.);
#244=ORIENTED_EDGE('',*,*,#706,.F.);
#245=ORIENTED_EDGE('',*,*,#707,.F.);
#246=ORIENTED_EDGE('',*,*,#708,.F.);
#247=ORIENTED_EDGE('',*,*,#709,.F.);
#248=ORIENTED_EDGE('',*,*,#710,.T.);
#249=ORIENTED_EDGE('',*,*,#711,.T.);
#250=ORIENTED_EDGE('',*,*,#712,.F.);
#251=ORIENTED_EDGE('',*,*,#713,.F.);
#252=ORIENTED_EDGE('',*,*,#714,.T.);
#253=ORIENTED_EDGE('',*,*,#715,.T.);
#254=ORIENTED_EDGE('',*,*,#716,.T.);
#255=ORIENTED_EDGE('',*,*,#717,.T.);
#256=ORIENTED_EDGE('',*,*,#718,.T.);
#257=ORIENTED_EDGE('',*,*,#719,.F.);
#258=ORIENTED_EDGE('',*,*,#720,.T.);
#259=ORIENTED_EDGE('',*,*,#721,.F.);
#260=ORIENTED_EDGE('',*,*,#722,.T.);
#261=ORIENTED_EDGE('',*,*,#723,.F.);
#262=ORIENTED_EDGE('',*,*,#724,.T.);
#263=ORIENTED_EDGE('',*,*,#725,.F.);
#264=ORIENTED_EDGE('',*,*,#726,.F.);
#265=ORIENTED_EDGE('',*,*,#727,.F.);
#266=ORIENTED_EDGE('',*,*,#728,.F.);
#267=ORIENTED_EDGE('',*,*,#715,.F.);
#268=ORIENTED_EDGE('',*,*,#729,.T.);
#269=ORIENTED_EDGE('',*,*,#681,.T.);
#270=ORIENTED_EDGE('',*,*,#730,.T.);
#271=ORIENTED_EDGE('',*,*,#683,.F.);
#272=ORIENTED_EDGE('',*,*,#731,.T.);
#273=ORIENTED_EDGE('',*,*,#713,.T.);
#274=ORIENTED_EDGE('',*,*,#732,.T.);
#275=ORIENTED_EDGE('',*,*,#719,.T.);
#276=ORIENTED_EDGE('',*,*,#733,.T.);
#277=ORIENTED_EDGE('',*,*,#685,.F.);
#278=ORIENTED_EDGE('',*,*,#734,.T.);
#279=ORIENTED_EDGE('',*,*,#717,.F.);
#280=ORIENTED_EDGE('',*,*,#735,.T.);
#281=ORIENTED_EDGE('',*,*,#687,.T.);
#282=ORIENTED_EDGE('',*,*,#736,.T.);
#283=ORIENTED_EDGE('',*,*,#682,.F.);
#284=ORIENTED_EDGE('',*,*,#729,.F.);
#285=ORIENTED_EDGE('',*,*,#714,.F.);
#286=ORIENTED_EDGE('',*,*,#731,.F.);
#287=ORIENTED_EDGE('',*,*,#688,.F.);
#288=ORIENTED_EDGE('',*,*,#735,.F.);
#289=ORIENTED_EDGE('',*,*,#716,.F.);
#290=ORIENTED_EDGE('',*,*,#730,.F.);
#291=ORIENTED_EDGE('',*,*,#686,.F.);
#292=ORIENTED_EDGE('',*,*,#733,.F.);
#293=ORIENTED_EDGE('',*,*,#718,.F.);
#294=ORIENTED_EDGE('',*,*,#736,.F.);
#295=ORIENTED_EDGE('',*,*,#684,.F.);
#296=ORIENTED_EDGE('',*,*,#732,.F.);
#297=ORIENTED_EDGE('',*,*,#720,.F.);
#298=ORIENTED_EDGE('',*,*,#734,.F.);
#299=ORIENTED_EDGE('',*,*,#728,.T.);
#300=ORIENTED_EDGE('',*,*,#737,.F.);
#301=ORIENTED_EDGE('',*,*,#701,.F.);
#302=ORIENTED_EDGE('',*,*,#738,.F.);
#303=ORIENTED_EDGE('',*,*,#707,.T.);
#304=ORIENTED_EDGE('',*,*,#739,.F.);
#305=ORIENTED_EDGE('',*,*,#722,.F.);
#306=ORIENTED_EDGE('',*,*,#740,.F.);
#307=ORIENTED_EDGE('',*,*,#724,.F.);
#308=ORIENTED_EDGE('',*,*,#741,.F.);
#309=ORIENTED_EDGE('',*,*,#705,.T.);
#310=ORIENTED_EDGE('',*,*,#742,.F.);
#311=ORIENTED_EDGE('',*,*,#726,.T.);
#312=ORIENTED_EDGE('',*,*,#743,.F.);
#313=ORIENTED_EDGE('',*,*,#703,.F.);
#314=ORIENTED_EDGE('',*,*,#744,.F.);
#315=ORIENTED_EDGE('',*,*,#708,.T.);
#316=ORIENTED_EDGE('',*,*,#740,.T.);
#317=ORIENTED_EDGE('',*,*,#721,.T.);
#318=ORIENTED_EDGE('',*,*,#738,.T.);
#319=ORIENTED_EDGE('',*,*,#702,.T.);
#320=ORIENTED_EDGE('',*,*,#737,.T.);
#321=ORIENTED_EDGE('',*,*,#727,.T.);
#322=ORIENTED_EDGE('',*,*,#744,.T.);
#323=ORIENTED_EDGE('',*,*,#704,.T.);
#324=ORIENTED_EDGE('',*,*,#743,.T.);
#325=ORIENTED_EDGE('',*,*,#725,.T.);
#326=ORIENTED_EDGE('',*,*,#742,.T.);
#327=ORIENTED_EDGE('',*,*,#706,.T.);
#328=ORIENTED_EDGE('',*,*,#741,.T.);
#329=ORIENTED_EDGE('',*,*,#723,.T.);
#330=ORIENTED_EDGE('',*,*,#739,.T.);
#331=ORIENTED_EDGE('',*,*,#709,.T.);
#332=ORIENTED_EDGE('',*,*,#745,.T.);
#333=ORIENTED_EDGE('',*,*,#690,.F.);
#334=ORIENTED_EDGE('',*,*,#746,.F.);
#335=ORIENTED_EDGE('',*,*,#746,.T.);
#336=ORIENTED_EDGE('',*,*,#689,.T.);
#337=ORIENTED_EDGE('',*,*,#747,.F.);
#338=ORIENTED_EDGE('',*,*,#710,.F.);
#339=ORIENTED_EDGE('',*,*,#747,.T.);
#340=ORIENTED_EDGE('',*,*,#692,.T.);
#341=ORIENTED_EDGE('',*,*,#748,.F.);
#342=ORIENTED_EDGE('',*,*,#711,.F.);
#343=ORIENTED_EDGE('',*,*,#712,.T.);
#344=ORIENTED_EDGE('',*,*,#748,.T.);
#345=ORIENTED_EDGE('',*,*,#691,.F.);
#346=ORIENTED_EDGE('',*,*,#745,.F.);
#347=ORIENTED_EDGE('',*,*,#680,.T.);
#348=ORIENTED_EDGE('',*,*,#700,.F.);
#349=ORIENTED_EDGE('',*,*,#679,.T.);
#350=ORIENTED_EDGE('',*,*,#699,.F.);
#351=ORIENTED_EDGE('',*,*,#678,.T.);
#352=ORIENTED_EDGE('',*,*,#698,.F.);
#353=ORIENTED_EDGE('',*,*,#677,.T.);
#354=ORIENTED_EDGE('',*,*,#697,.F.);
#355=ORIENTED_EDGE('',*,*,#749,.F.);
#356=ORIENTED_EDGE('',*,*,#696,.T.);
#357=ORIENTED_EDGE('',*,*,#750,.F.);
#358=ORIENTED_EDGE('',*,*,#749,.T.);
#359=ORIENTED_EDGE('',*,*,#751,.F.);
#360=ORIENTED_EDGE('',*,*,#695,.T.);
#361=ORIENTED_EDGE('',*,*,#752,.F.);
#362=ORIENTED_EDGE('',*,*,#751,.T.);
#363=ORIENTED_EDGE('',*,*,#753,.F.);
#364=ORIENTED_EDGE('',*,*,#694,.T.);
#365=ORIENTED_EDGE('',*,*,#754,.F.);
#366=ORIENTED_EDGE('',*,*,#753,.T.);
#367=ORIENTED_EDGE('',*,*,#755,.F.);
#368=ORIENTED_EDGE('',*,*,#693,.T.);
#369=ORIENTED_EDGE('',*,*,#756,.F.);
#370=ORIENTED_EDGE('',*,*,#755,.T.);
#371=ORIENTED_EDGE('',*,*,#675,.T.);
#372=ORIENTED_EDGE('',*,*,#756,.T.);
#373=ORIENTED_EDGE('',*,*,#673,.T.);
#374=ORIENTED_EDGE('',*,*,#754,.T.);
#375=ORIENTED_EDGE('',*,*,#674,.T.);
#376=ORIENTED_EDGE('',*,*,#752,.T.);
#377=ORIENTED_EDGE('',*,*,#676,.T.);
#378=ORIENTED_EDGE('',*,*,#750,.T.);
#379=ORIENTED_EDGE('',*,*,#757,.F.);
#380=ORIENTED_EDGE('',*,*,#758,.F.);
#381=ORIENTED_EDGE('',*,*,#759,.T.);
#382=ORIENTED_EDGE('',*,*,#760,.T.);
#383=ORIENTED_EDGE('',*,*,#761,.T.);
#384=ORIENTED_EDGE('',*,*,#762,.F.);
#385=ORIENTED_EDGE('',*,*,#763,.F.);
#386=ORIENTED_EDGE('',*,*,#758,.T.);
#387=ORIENTED_EDGE('',*,*,#764,.T.);
#388=ORIENTED_EDGE('',*,*,#765,.F.);
#389=ORIENTED_EDGE('',*,*,#766,.F.);
#390=ORIENTED_EDGE('',*,*,#762,.T.);
#391=ORIENTED_EDGE('',*,*,#767,.F.);
#392=ORIENTED_EDGE('',*,*,#760,.F.);
#393=ORIENTED_EDGE('',*,*,#768,.T.);
#394=ORIENTED_EDGE('',*,*,#765,.T.);
#395=ORIENTED_EDGE('',*,*,#759,.F.);
#396=ORIENTED_EDGE('',*,*,#763,.T.);
#397=ORIENTED_EDGE('',*,*,#766,.T.);
#398=ORIENTED_EDGE('',*,*,#768,.F.);
#399=ORIENTED_EDGE('',*,*,#757,.T.);
#400=ORIENTED_EDGE('',*,*,#767,.T.);
#401=ORIENTED_EDGE('',*,*,#764,.F.);
#402=ORIENTED_EDGE('',*,*,#761,.F.);
#403=ORIENTED_EDGE('',*,*,#769,.F.);
#404=ORIENTED_EDGE('',*,*,#770,.F.);
#405=ORIENTED_EDGE('',*,*,#771,.F.);
#406=ORIENTED_EDGE('',*,*,#772,.F.);
#407=ORIENTED_EDGE('',*,*,#773,.F.);
#408=ORIENTED_EDGE('',*,*,#774,.F.);
#409=ORIENTED_EDGE('',*,*,#775,.T.);
#410=ORIENTED_EDGE('',*,*,#776,.T.);
#411=ORIENTED_EDGE('',*,*,#777,.T.);
#412=ORIENTED_EDGE('',*,*,#778,.T.);
#413=ORIENTED_EDGE('',*,*,#779,.T.);
#414=ORIENTED_EDGE('',*,*,#780,.F.);
#415=ORIENTED_EDGE('',*,*,#781,.T.);
#416=ORIENTED_EDGE('',*,*,#782,.F.);
#417=ORIENTED_EDGE('',*,*,#783,.T.);
#418=ORIENTED_EDGE('',*,*,#784,.T.);
#419=ORIENTED_EDGE('',*,*,#785,.F.);
#420=ORIENTED_EDGE('',*,*,#786,.F.);
#421=ORIENTED_EDGE('',*,*,#787,.T.);
#422=ORIENTED_EDGE('',*,*,#788,.T.);
#423=ORIENTED_EDGE('',*,*,#789,.F.);
#424=ORIENTED_EDGE('',*,*,#790,.F.);
#425=ORIENTED_EDGE('',*,*,#791,.T.);
#426=ORIENTED_EDGE('',*,*,#792,.T.);
#427=ORIENTED_EDGE('',*,*,#793,.F.);
#428=ORIENTED_EDGE('',*,*,#794,.T.);
#429=ORIENTED_EDGE('',*,*,#795,.T.);
#430=ORIENTED_EDGE('',*,*,#796,.T.);
#431=ORIENTED_EDGE('',*,*,#797,.T.);
#432=ORIENTED_EDGE('',*,*,#798,.F.);
#433=ORIENTED_EDGE('',*,*,#799,.T.);
#434=ORIENTED_EDGE('',*,*,#800,.T.);
#435=ORIENTED_EDGE('',*,*,#801,.T.);
#436=ORIENTED_EDGE('',*,*,#802,.T.);
#437=ORIENTED_EDGE('',*,*,#803,.T.);
#438=ORIENTED_EDGE('',*,*,#804,.F.);
#439=ORIENTED_EDGE('',*,*,#805,.T.);
#440=ORIENTED_EDGE('',*,*,#806,.F.);
#441=ORIENTED_EDGE('',*,*,#807,.T.);
#442=ORIENTED_EDGE('',*,*,#808,.T.);
#443=ORIENTED_EDGE('',*,*,#809,.F.);
#444=ORIENTED_EDGE('',*,*,#800,.F.);
#445=ORIENTED_EDGE('',*,*,#810,.T.);
#446=ORIENTED_EDGE('',*,*,#774,.T.);
#447=ORIENTED_EDGE('',*,*,#811,.T.);
#448=ORIENTED_EDGE('',*,*,#776,.F.);
#449=ORIENTED_EDGE('',*,*,#812,.T.);
#450=ORIENTED_EDGE('',*,*,#798,.T.);
#451=ORIENTED_EDGE('',*,*,#813,.T.);
#452=ORIENTED_EDGE('',*,*,#778,.F.);
#453=ORIENTED_EDGE('',*,*,#814,.T.);
#454=ORIENTED_EDGE('',*,*,#804,.T.);
#455=ORIENTED_EDGE('',*,*,#815,.T.);
#456=ORIENTED_EDGE('',*,*,#780,.T.);
#457=ORIENTED_EDGE('',*,*,#816,.T.);
#458=ORIENTED_EDGE('',*,*,#802,.F.);
#459=ORIENTED_EDGE('',*,*,#817,.T.);
#460=ORIENTED_EDGE('',*,*,#818,.F.);
#461=ORIENTED_EDGE('',*,*,#773,.T.);
#462=ORIENTED_EDGE('',*,*,#819,.F.);
#463=ORIENTED_EDGE('',*,*,#818,.T.);
#464=ORIENTED_EDGE('',*,*,#770,.T.);
#465=ORIENTED_EDGE('',*,*,#820,.T.);
#466=ORIENTED_EDGE('',*,*,#821,.F.);
#467=ORIENTED_EDGE('',*,*,#822,.T.);
#468=ORIENTED_EDGE('',*,*,#823,.F.);
#469=ORIENTED_EDGE('',*,*,#821,.T.);
#470=ORIENTED_EDGE('',*,*,#824,.F.);
#471=ORIENTED_EDGE('',*,*,#772,.T.);
#472=ORIENTED_EDGE('',*,*,#825,.F.);
#473=ORIENTED_EDGE('',*,*,#824,.T.);
#474=ORIENTED_EDGE('',*,*,#826,.F.);
#475=ORIENTED_EDGE('',*,*,#771,.T.);
#476=ORIENTED_EDGE('',*,*,#827,.F.);
#477=ORIENTED_EDGE('',*,*,#826,.T.);
#478=ORIENTED_EDGE('',*,*,#827,.T.);
#479=ORIENTED_EDGE('',*,*,#795,.F.);
#480=ORIENTED_EDGE('',*,*,#825,.T.);
#481=ORIENTED_EDGE('',*,*,#797,.F.);
#482=ORIENTED_EDGE('',*,*,#769,.T.);
#483=ORIENTED_EDGE('',*,*,#822,.F.);
#484=ORIENTED_EDGE('',*,*,#823,.T.);
#485=ORIENTED_EDGE('',*,*,#820,.F.);
#486=ORIENTED_EDGE('',*,*,#796,.F.);
#487=ORIENTED_EDGE('',*,*,#819,.T.);
#488=ORIENTED_EDGE('',*,*,#794,.F.);
#489=ORIENTED_EDGE('',*,*,#790,.T.);
#490=ORIENTED_EDGE('',*,*,#828,.T.);
#491=ORIENTED_EDGE('',*,*,#783,.F.);
#492=ORIENTED_EDGE('',*,*,#829,.F.);
#493=ORIENTED_EDGE('',*,*,#829,.T.);
#494=ORIENTED_EDGE('',*,*,#782,.T.);
#495=ORIENTED_EDGE('',*,*,#830,.F.);
#496=ORIENTED_EDGE('',*,*,#791,.F.);
#497=ORIENTED_EDGE('',*,*,#830,.T.);
#498=ORIENTED_EDGE('',*,*,#785,.T.);
#499=ORIENTED_EDGE('',*,*,#831,.F.);
#500=ORIENTED_EDGE('',*,*,#792,.F.);
#501=ORIENTED_EDGE('',*,*,#793,.T.);
#502=ORIENTED_EDGE('',*,*,#831,.T.);
#503=ORIENTED_EDGE('',*,*,#784,.F.);
#504=ORIENTED_EDGE('',*,*,#828,.F.);
#505=ORIENTED_EDGE('',*,*,#806,.T.);
#506=ORIENTED_EDGE('',*,*,#832,.T.);
#507=ORIENTED_EDGE('',*,*,#787,.F.);
#508=ORIENTED_EDGE('',*,*,#833,.F.);
#509=ORIENTED_EDGE('',*,*,#833,.T.);
#510=ORIENTED_EDGE('',*,*,#786,.T.);
#511=ORIENTED_EDGE('',*,*,#834,.F.);
#512=ORIENTED_EDGE('',*,*,#807,.F.);
#513=ORIENTED_EDGE('',*,*,#834,.T.);
#514=ORIENTED_EDGE('',*,*,#789,.T.);
#515=ORIENTED_EDGE('',*,*,#835,.F.);
#516=ORIENTED_EDGE('',*,*,#808,.F.);
#517=ORIENTED_EDGE('',*,*,#809,.T.);
#518=ORIENTED_EDGE('',*,*,#835,.T.);
#519=ORIENTED_EDGE('',*,*,#788,.F.);
#520=ORIENTED_EDGE('',*,*,#832,.F.);
#521=ORIENTED_EDGE('',*,*,#775,.F.);
#522=ORIENTED_EDGE('',*,*,#810,.F.);
#523=ORIENTED_EDGE('',*,*,#799,.F.);
#524=ORIENTED_EDGE('',*,*,#812,.F.);
#525=ORIENTED_EDGE('',*,*,#777,.F.);
#526=ORIENTED_EDGE('',*,*,#813,.F.);
#527=ORIENTED_EDGE('',*,*,#805,.F.);
#528=ORIENTED_EDGE('',*,*,#814,.F.);
#529=ORIENTED_EDGE('',*,*,#779,.F.);
#530=ORIENTED_EDGE('',*,*,#815,.F.);
#531=ORIENTED_EDGE('',*,*,#803,.F.);
#532=ORIENTED_EDGE('',*,*,#816,.F.);
#533=ORIENTED_EDGE('',*,*,#781,.F.);
#534=ORIENTED_EDGE('',*,*,#817,.F.);
#535=ORIENTED_EDGE('',*,*,#801,.F.);
#536=ORIENTED_EDGE('',*,*,#811,.F.);
#537=ORIENTED_EDGE('',*,*,#836,.F.);
#538=ORIENTED_EDGE('',*,*,#837,.F.);
#539=ORIENTED_EDGE('',*,*,#838,.T.);
#540=ORIENTED_EDGE('',*,*,#839,.T.);
#541=ORIENTED_EDGE('',*,*,#840,.T.);
#542=ORIENTED_EDGE('',*,*,#841,.F.);
#543=ORIENTED_EDGE('',*,*,#842,.F.);
#544=ORIENTED_EDGE('',*,*,#837,.T.);
#545=ORIENTED_EDGE('',*,*,#843,.T.);
#546=ORIENTED_EDGE('',*,*,#844,.F.);
#547=ORIENTED_EDGE('',*,*,#845,.F.);
#548=ORIENTED_EDGE('',*,*,#841,.T.);
#549=ORIENTED_EDGE('',*,*,#846,.F.);
#550=ORIENTED_EDGE('',*,*,#839,.F.);
#551=ORIENTED_EDGE('',*,*,#847,.T.);
#552=ORIENTED_EDGE('',*,*,#844,.T.);
#553=ORIENTED_EDGE('',*,*,#838,.F.);
#554=ORIENTED_EDGE('',*,*,#842,.T.);
#555=ORIENTED_EDGE('',*,*,#845,.T.);
#556=ORIENTED_EDGE('',*,*,#847,.F.);
#557=ORIENTED_EDGE('',*,*,#836,.T.);
#558=ORIENTED_EDGE('',*,*,#846,.T.);
#559=ORIENTED_EDGE('',*,*,#843,.F.);
#560=ORIENTED_EDGE('',*,*,#840,.F.);
#561=ORIENTED_EDGE('',*,*,#848,.F.);
#562=ORIENTED_EDGE('',*,*,#849,.F.);
#563=ORIENTED_EDGE('',*,*,#850,.T.);
#564=ORIENTED_EDGE('',*,*,#851,.T.);
#565=ORIENTED_EDGE('',*,*,#852,.T.);
#566=ORIENTED_EDGE('',*,*,#853,.F.);
#567=ORIENTED_EDGE('',*,*,#854,.F.);
#568=ORIENTED_EDGE('',*,*,#849,.T.);
#569=ORIENTED_EDGE('',*,*,#855,.T.);
#570=ORIENTED_EDGE('',*,*,#856,.F.);
#571=ORIENTED_EDGE('',*,*,#857,.F.);
#572=ORIENTED_EDGE('',*,*,#853,.T.);
#573=ORIENTED_EDGE('',*,*,#858,.F.);
#574=ORIENTED_EDGE('',*,*,#851,.F.);
#575=ORIENTED_EDGE('',*,*,#859,.T.);
#576=ORIENTED_EDGE('',*,*,#856,.T.);
#577=ORIENTED_EDGE('',*,*,#850,.F.);
#578=ORIENTED_EDGE('',*,*,#854,.T.);
#579=ORIENTED_EDGE('',*,*,#857,.T.);
#580=ORIENTED_EDGE('',*,*,#859,.F.);
#581=ORIENTED_EDGE('',*,*,#848,.T.);
#582=ORIENTED_EDGE('',*,*,#858,.T.);
#583=ORIENTED_EDGE('',*,*,#855,.F.);
#584=ORIENTED_EDGE('',*,*,#852,.F.);
#585=ORIENTED_EDGE('',*,*,#860,.F.);
#586=ORIENTED_EDGE('',*,*,#861,.F.);
#587=ORIENTED_EDGE('',*,*,#862,.T.);
#588=ORIENTED_EDGE('',*,*,#863,.T.);
#589=ORIENTED_EDGE('',*,*,#864,.T.);
#590=ORIENTED_EDGE('',*,*,#865,.F.);
#591=ORIENTED_EDGE('',*,*,#866,.F.);
#592=ORIENTED_EDGE('',*,*,#861,.T.);
#593=ORIENTED_EDGE('',*,*,#867,.T.);
#594=ORIENTED_EDGE('',*,*,#868,.F.);
#595=ORIENTED_EDGE('',*,*,#869,.F.);
#596=ORIENTED_EDGE('',*,*,#865,.T.);
#597=ORIENTED_EDGE('',*,*,#870,.F.);
#598=ORIENTED_EDGE('',*,*,#871,.F.);
#599=ORIENTED_EDGE('',*,*,#872,.T.);
#600=ORIENTED_EDGE('',*,*,#873,.T.);
#601=ORIENTED_EDGE('',*,*,#874,.T.);
#602=ORIENTED_EDGE('',*,*,#875,.F.);
#603=ORIENTED_EDGE('',*,*,#876,.F.);
#604=ORIENTED_EDGE('',*,*,#871,.T.);
#605=ORIENTED_EDGE('',*,*,#877,.T.);
#606=ORIENTED_EDGE('',*,*,#878,.F.);
#607=ORIENTED_EDGE('',*,*,#879,.F.);
#608=ORIENTED_EDGE('',*,*,#875,.T.);
#609=ORIENTED_EDGE('',*,*,#880,.F.);
#610=ORIENTED_EDGE('',*,*,#873,.F.);
#611=ORIENTED_EDGE('',*,*,#881,.T.);
#612=ORIENTED_EDGE('',*,*,#878,.T.);
#613=ORIENTED_EDGE('',*,*,#882,.F.);
#614=ORIENTED_EDGE('',*,*,#863,.F.);
#615=ORIENTED_EDGE('',*,*,#883,.T.);
#616=ORIENTED_EDGE('',*,*,#868,.T.);
#617=ORIENTED_EDGE('',*,*,#872,.F.);
#618=ORIENTED_EDGE('',*,*,#876,.T.);
#619=ORIENTED_EDGE('',*,*,#879,.T.);
#620=ORIENTED_EDGE('',*,*,#881,.F.);
#621=ORIENTED_EDGE('',*,*,#862,.F.);
#622=ORIENTED_EDGE('',*,*,#866,.T.);
#623=ORIENTED_EDGE('',*,*,#869,.T.);
#624=ORIENTED_EDGE('',*,*,#883,.F.);
#625=ORIENTED_EDGE('',*,*,#870,.T.);
#626=ORIENTED_EDGE('',*,*,#880,.T.);
#627=ORIENTED_EDGE('',*,*,#877,.F.);
#628=ORIENTED_EDGE('',*,*,#874,.F.);
#629=ORIENTED_EDGE('',*,*,#860,.T.);
#630=ORIENTED_EDGE('',*,*,#882,.T.);
#631=ORIENTED_EDGE('',*,*,#867,.F.);
#632=ORIENTED_EDGE('',*,*,#864,.F.);
#633=EDGE_CURVE('',#884,#885,#1065,.T.);
#634=EDGE_CURVE('',#886,#884,#1066,.T.);
#635=EDGE_CURVE('',#886,#887,#1067,.T.);
#636=EDGE_CURVE('',#887,#885,#1068,.T.);
#637=EDGE_CURVE('',#884,#888,#1069,.T.);
#638=EDGE_CURVE('',#889,#888,#1070,.T.);
#639=EDGE_CURVE('',#886,#889,#1071,.T.);
#640=EDGE_CURVE('',#888,#890,#1072,.T.);
#641=EDGE_CURVE('',#891,#890,#1073,.T.);
#642=EDGE_CURVE('',#889,#891,#1074,.T.);
#643=EDGE_CURVE('',#885,#890,#1075,.T.);
#644=EDGE_CURVE('',#887,#891,#1076,.T.);
#645=EDGE_CURVE('',#892,#893,#1077,.T.);
#646=EDGE_CURVE('',#894,#892,#1078,.T.);
#647=EDGE_CURVE('',#894,#895,#1079,.T.);
#648=EDGE_CURVE('',#895,#893,#1080,.T.);
#649=EDGE_CURVE('',#892,#896,#1081,.T.);
#650=EDGE_CURVE('',#897,#896,#1082,.T.);
#651=EDGE_CURVE('',#894,#897,#1083,.T.);
#652=EDGE_CURVE('',#896,#898,#1084,.T.);
#653=EDGE_CURVE('',#899,#898,#1085,.T.);
#654=EDGE_CURVE('',#897,#899,#1086,.T.);
#655=EDGE_CURVE('',#893,#898,#1087,.T.);
#656=EDGE_CURVE('',#895,#899,#1088,.T.);
#657=EDGE_CURVE('',#900,#901,#1089,.T.);
#658=EDGE_CURVE('',#902,#900,#1090,.T.);
#659=EDGE_CURVE('',#902,#903,#1091,.T.);
#660=EDGE_CURVE('',#903,#901,#1092,.T.);
#661=EDGE_CURVE('',#900,#904,#1093,.T.);
#662=EDGE_CURVE('',#905,#904,#1094,.T.);
#663=EDGE_CURVE('',#902,#905,#1095,.T.);
#664=EDGE_CURVE('',#904,#906,#1096,.T.);
#665=EDGE_CURVE('',#907,#906,#1097,.T.);
#666=EDGE_CURVE('',#905,#907,#1098,.T.);
#667=EDGE_CURVE('',#901,#906,#1099,.T.);
#668=EDGE_CURVE('',#903,#907,#1100,.T.);
#669=EDGE_CURVE('',#908,#908,#44,.T.);
#670=EDGE_CURVE('',#909,#909,#45,.T.);
#671=EDGE_CURVE('',#910,#910,#46,.T.);
#672=EDGE_CURVE('',#911,#911,#47,.T.);
#673=EDGE_CURVE('',#912,#912,#48,.T.);
#674=EDGE_CURVE('',#913,#913,#49,.T.);
#675=EDGE_CURVE('',#914,#914,#50,.T.);
#676=EDGE_CURVE('',#915,#915,#51,.T.);
#677=EDGE_CURVE('',#916,#916,#52,.T.);
#678=EDGE_CURVE('',#917,#917,#53,.T.);
#679=EDGE_CURVE('',#918,#918,#54,.T.);
#680=EDGE_CURVE('',#919,#919,#55,.T.);
#681=EDGE_CURVE('',#920,#921,#1101,.T.);
#682=EDGE_CURVE('',#920,#922,#56,.T.);
#683=EDGE_CURVE('',#922,#923,#1102,.T.);
#684=EDGE_CURVE('',#923,#924,#57,.T.);
#685=EDGE_CURVE('',#924,#925,#1103,.T.);
#686=EDGE_CURVE('',#925,#926,#58,.T.);
#687=EDGE_CURVE('',#927,#926,#1104,.T.);
#688=EDGE_CURVE('',#927,#921,#59,.T.);
#689=EDGE_CURVE('',#928,#929,#1105,.T.);
#690=EDGE_CURVE('',#928,#930,#1106,.T.);
#691=EDGE_CURVE('',#930,#931,#1107,.T.);
#692=EDGE_CURVE('',#929,#931,#1108,.T.);
#693=EDGE_CURVE('',#932,#932,#60,.F.);
#694=EDGE_CURVE('',#933,#933,#61,.F.);
#695=EDGE_CURVE('',#934,#934,#62,.F.);
#696=EDGE_CURVE('',#935,#935,#63,.F.);
#697=EDGE_CURVE('',#936,#936,#64,.T.);
#698=EDGE_CURVE('',#937,#937,#65,.T.);
#699=EDGE_CURVE('',#938,#938,#66,.T.);
#700=EDGE_CURVE('',#939,#939,#67,.T.);
#701=EDGE_CURVE('',#940,#941,#1109,.T.);
#702=EDGE_CURVE('',#942,#941,#68,.T.);
#703=EDGE_CURVE('',#942,#943,#1110,.T.);
#704=EDGE_CURVE('',#944,#943,#69,.T.);
#705=EDGE_CURVE('',#945,#944,#1111,.T.);
#706=EDGE_CURVE('',#946,#945,#70,.T.);
#707=EDGE_CURVE('',#947,#946,#1112,.T.);
#708=EDGE_CURVE('',#940,#947,#71,.T.);
#709=EDGE_CURVE('',#948,#949,#1113,.T.);
#710=EDGE_CURVE('',#948,#950,#1114,.T.);
#711=EDGE_CURVE('',#950,#951,#1115,.T.);
#712=EDGE_CURVE('',#949,#951,#1116,.T.);
#713=EDGE_CURVE('',#952,#953,#1117,.T.);
#714=EDGE_CURVE('',#952,#954,#72,.F.);
#715=EDGE_CURVE('',#954,#955,#1118,.T.);
#716=EDGE_CURVE('',#955,#956,#73,.F.);
#717=EDGE_CURVE('',#956,#957,#1119,.T.);
#718=EDGE_CURVE('',#957,#958,#74,.F.);
#719=EDGE_CURVE('',#959,#958,#1120,.T.);
#720=EDGE_CURVE('',#959,#953,#75,.F.);
#721=EDGE_CURVE('',#960,#961,#76,.F.);
#722=EDGE_CURVE('',#960,#962,#1121,.T.);
#723=EDGE_CURVE('',#963,#962,#77,.F.);
#724=EDGE_CURVE('',#963,#964,#1122,.T.);
#725=EDGE_CURVE('',#965,#964,#78,.F.);
#726=EDGE_CURVE('',#966,#965,#1123,.T.);
#727=EDGE_CURVE('',#967,#966,#79,.F.);
#728=EDGE_CURVE('',#961,#967,#1124,.T.);
#729=EDGE_CURVE('',#954,#920,#1125,.F.);
#730=EDGE_CURVE('',#921,#955,#1126,.T.);
#731=EDGE_CURVE('',#922,#952,#1127,.T.);
#732=EDGE_CURVE('',#953,#923,#1128,.F.);
#733=EDGE_CURVE('',#958,#925,#1129,.F.);
#734=EDGE_CURVE('',#924,#959,#1130,.T.);
#735=EDGE_CURVE('',#956,#927,#1131,.F.);
#736=EDGE_CURVE('',#926,#957,#1132,.T.);
#737=EDGE_CURVE('',#941,#967,#1133,.T.);
#738=EDGE_CURVE('',#961,#940,#1134,.F.);
#739=EDGE_CURVE('',#962,#946,#1135,.F.);
#740=EDGE_CURVE('',#947,#960,#1136,.T.);
#741=EDGE_CURVE('',#945,#963,#1137,.T.);
#742=EDGE_CURVE('',#964,#944,#1138,.F.);
#743=EDGE_CURVE('',#943,#965,#1139,.T.);
#744=EDGE_CURVE('',#966,#942,#1140,.F.);
#745=EDGE_CURVE('',#949,#930,#1141,.T.);
#746=EDGE_CURVE('',#948,#928,#1142,.T.);
#747=EDGE_CURVE('',#950,#929,#1143,.T.);
#748=EDGE_CURVE('',#951,#931,#1144,.T.);
#749=EDGE_CURVE('',#968,#968,#80,.T.);
#750=EDGE_CURVE('',#969,#969,#81,.T.);
#751=EDGE_CURVE('',#970,#970,#82,.T.);
#752=EDGE_CURVE('',#971,#971,#83,.T.);
#753=EDGE_CURVE('',#972,#972,#84,.T.);
#754=EDGE_CURVE('',#973,#973,#85,.T.);
#755=EDGE_CURVE('',#974,#974,#86,.T.);
#756=EDGE_CURVE('',#975,#975,#87,.T.);
#757=EDGE_CURVE('',#976,#977,#1145,.T.);
#758=EDGE_CURVE('',#978,#976,#1146,.T.);
#759=EDGE_CURVE('',#978,#979,#1147,.T.);
#760=EDGE_CURVE('',#979,#977,#1148,.T.);
#761=EDGE_CURVE('',#976,#980,#1149,.T.);
#762=EDGE_CURVE('',#981,#980,#1150,.T.);
#763=EDGE_CURVE('',#978,#981,#1151,.T.);
#764=EDGE_CURVE('',#980,#982,#1152,.T.);
#765=EDGE_CURVE('',#983,#982,#1153,.T.);
#766=EDGE_CURVE('',#981,#983,#1154,.T.);
#767=EDGE_CURVE('',#977,#982,#1155,.T.);
#768=EDGE_CURVE('',#979,#983,#1156,.T.);
#769=EDGE_CURVE('',#984,#985,#88,.T.);
#770=EDGE_CURVE('',#985,#984,#89,.T.);
#771=EDGE_CURVE('',#986,#986,#90,.T.);
#772=EDGE_CURVE('',#987,#987,#91,.T.);
#773=EDGE_CURVE('',#988,#988,#92,.T.);
#774=EDGE_CURVE('',#989,#990,#1157,.T.);
#775=EDGE_CURVE('',#989,#991,#93,.T.);
#776=EDGE_CURVE('',#991,#992,#1158,.T.);
#777=EDGE_CURVE('',#992,#993,#94,.T.);
#778=EDGE_CURVE('',#993,#994,#1159,.T.);
#779=EDGE_CURVE('',#994,#995,#95,.T.);
#780=EDGE_CURVE('',#996,#995,#1160,.T.);
#781=EDGE_CURVE('',#996,#990,#96,.T.);
#782=EDGE_CURVE('',#997,#998,#1161,.T.);
#783=EDGE_CURVE('',#997,#999,#1162,.T.);
#784=EDGE_CURVE('',#999,#1000,#1163,.T.);
#785=EDGE_CURVE('',#998,#1000,#1164,.T.);
#786=EDGE_CURVE('',#1001,#1002,#1165,.T.);
#787=EDGE_CURVE('',#1001,#1003,#1166,.T.);
#788=EDGE_CURVE('',#1003,#1004,#1167,.T.);
#789=EDGE_CURVE('',#1002,#1004,#1168,.T.);
#790=EDGE_CURVE('',#1005,#1006,#1169,.T.);
#791=EDGE_CURVE('',#1005,#1007,#1170,.T.);
#792=EDGE_CURVE('',#1007,#1008,#1171,.T.);
#793=EDGE_CURVE('',#1006,#1008,#1172,.T.);
#794=EDGE_CURVE('',#1009,#1009,#97,.T.);
#795=EDGE_CURVE('',#1010,#1010,#98,.T.);
#796=EDGE_CURVE('',#1011,#1011,#99,.T.);
#797=EDGE_CURVE('',#1012,#1012,#100,.T.);
#798=EDGE_CURVE('',#1013,#1014,#1173,.T.);
#799=EDGE_CURVE('',#1013,#1015,#101,.F.);
#800=EDGE_CURVE('',#1015,#1016,#1174,.T.);
#801=EDGE_CURVE('',#1016,#1017,#102,.F.);
#802=EDGE_CURVE('',#1017,#1018,#1175,.T.);
#803=EDGE_CURVE('',#1018,#1019,#103,.F.);
#804=EDGE_CURVE('',#1020,#1019,#1176,.T.);
#805=EDGE_CURVE('',#1020,#1014,#104,.F.);
#806=EDGE_CURVE('',#1021,#1022,#1177,.T.);
#807=EDGE_CURVE('',#1021,#1023,#1178,.T.);
#808=EDGE_CURVE('',#1023,#1024,#1179,.T.);
#809=EDGE_CURVE('',#1022,#1024,#1180,.T.);
#810=EDGE_CURVE('',#1015,#989,#1181,.F.);
#811=EDGE_CURVE('',#990,#1016,#1182,.T.);
#812=EDGE_CURVE('',#991,#1013,#1183,.T.);
#813=EDGE_CURVE('',#1014,#992,#1184,.F.);
#814=EDGE_CURVE('',#993,#1020,#1185,.T.);
#815=EDGE_CURVE('',#1019,#994,#1186,.F.);
#816=EDGE_CURVE('',#995,#1018,#1187,.T.);
#817=EDGE_CURVE('',#1017,#996,#1188,.F.);
#818=EDGE_CURVE('',#1025,#1025,#105,.T.);
#819=EDGE_CURVE('',#1026,#1026,#106,.T.);
#820=EDGE_CURVE('',#984,#1027,#1189,.T.);
#821=EDGE_CURVE('',#1028,#1027,#107,.T.);
#822=EDGE_CURVE('',#1028,#985,#1190,.F.);
#823=EDGE_CURVE('',#1028,#1027,#108,.T.);
#824=EDGE_CURVE('',#1029,#1029,#109,.T.);
#825=EDGE_CURVE('',#1030,#1030,#110,.T.);
#826=EDGE_CURVE('',#1031,#1031,#111,.T.);
#827=EDGE_CURVE('',#1032,#1032,#112,.T.);
#828=EDGE_CURVE('',#1006,#999,#1191,.T.);
#829=EDGE_CURVE('',#1005,#997,#1192,.T.);
#830=EDGE_CURVE('',#1007,#998,#1193,.T.);
#831=EDGE_CURVE('',#1008,#1000,#1194,.T.);
#832=EDGE_CURVE('',#1022,#1003,#1195,.T.);
#833=EDGE_CURVE('',#1021,#1001,#1196,.T.);
#834=EDGE_CURVE('',#1023,#1002,#1197,.T.);
#835=EDGE_CURVE('',#1024,#1004,#1198,.T.);
#836=EDGE_CURVE('',#1033,#1034,#1199,.T.);
#837=EDGE_CURVE('',#1035,#1033,#1200,.T.);
#838=EDGE_CURVE('',#1035,#1036,#1201,.T.);
#839=EDGE_CURVE('',#1036,#1034,#1202,.T.);
#840=EDGE_CURVE('',#1033,#1037,#1203,.T.);
#841=EDGE_CURVE('',#1038,#1037,#1204,.T.);
#842=EDGE_CURVE('',#1035,#1038,#1205,.T.);
#843=EDGE_CURVE('',#1037,#1039,#1206,.T.);
#844=EDGE_CURVE('',#1040,#1039,#1207,.T.);
#845=EDGE_CURVE('',#1038,#1040,#1208,.T.);
#846=EDGE_CURVE('',#1034,#1039,#1209,.T.);
#847=EDGE_CURVE('',#1036,#1040,#1210,.T.);
#848=EDGE_CURVE('',#1041,#1042,#1211,.T.);
#849=EDGE_CURVE('',#1043,#1041,#1212,.T.);
#850=EDGE_CURVE('',#1043,#1044,#1213,.T.);
#851=EDGE_CURVE('',#1044,#1042,#1214,.T.);
#852=EDGE_CURVE('',#1041,#1045,#1215,.T.);
#853=EDGE_CURVE('',#1046,#1045,#1216,.T.);
#854=EDGE_CURVE('',#1043,#1046,#1217,.T.);
#855=EDGE_CURVE('',#1045,#1047,#1218,.T.);
#856=EDGE_CURVE('',#1048,#1047,#1219,.T.);
#857=EDGE_CURVE('',#1046,#1048,#1220,.T.);
#858=EDGE_CURVE('',#1042,#1047,#1221,.T.);
#859=EDGE_CURVE('',#1044,#1048,#1222,.T.);
#860=EDGE_CURVE('',#1049,#1050,#1223,.T.);
#861=EDGE_CURVE('',#1051,#1049,#1224,.T.);
#862=EDGE_CURVE('',#1051,#1052,#1225,.T.);
#863=EDGE_CURVE('',#1052,#1050,#1226,.T.);
#864=EDGE_CURVE('',#1049,#1053,#1227,.T.);
#865=EDGE_CURVE('',#1054,#1053,#1228,.T.);
#866=EDGE_CURVE('',#1051,#1054,#1229,.T.);
#867=EDGE_CURVE('',#1053,#1055,#1230,.T.);
#868=EDGE_CURVE('',#1056,#1055,#1231,.T.);
#869=EDGE_CURVE('',#1054,#1056,#1232,.T.);
#870=EDGE_CURVE('',#1057,#1058,#1233,.T.);
#871=EDGE_CURVE('',#1059,#1057,#1234,.T.);
#872=EDGE_CURVE('',#1059,#1060,#1235,.T.);
#873=EDGE_CURVE('',#1060,#1058,#1236,.T.);
#874=EDGE_CURVE('',#1057,#1061,#1237,.T.);
#875=EDGE_CURVE('',#1062,#1061,#1238,.T.);
#876=EDGE_CURVE('',#1059,#1062,#1239,.T.);
#877=EDGE_CURVE('',#1061,#1063,#1240,.T.);
#878=EDGE_CURVE('',#1064,#1063,#1241,.T.);
#879=EDGE_CURVE('',#1062,#1064,#1242,.T.);
#880=EDGE_CURVE('',#1058,#1063,#1243,.T.);
#881=EDGE_CURVE('',#1060,#1064,#1244,.T.);
#882=EDGE_CURVE('',#1050,#1055,#1245,.T.);
#883=EDGE_CURVE('',#1052,#1056,#1246,.T.);
#884=VERTEX_POINT('',#2870);
#885=VERTEX_POINT('',#2871);
#886=VERTEX_POINT('',#2873);
#887=VERTEX_POINT('',#2875);
#888=VERTEX_POINT('',#2879);
#889=VERTEX_POINT('',#2881);
#890=VERTEX_POINT('',#2885);
#891=VERTEX_POINT('',#2887);
#892=VERTEX_POINT('',#2897);
#893=VERTEX_POINT('',#2898);
#894=VERTEX_POINT('',#2900);
#895=VERTEX_POINT('',#2902);
#896=VERTEX_POINT('',#2906);
#897=VERTEX_POINT('',#2908);
#898=VERTEX_POINT('',#2912);
#899=VERTEX_POINT('',#2914);
#900=VERTEX_POINT('',#2924);
#901=VERTEX_POINT('',#2925);
#902=VERTEX_POINT('',#2927);
#903=VERTEX_POINT('',#2929);
#904=VERTEX_POINT('',#2933);
#905=VERTEX_POINT('',#2935);
#906=VERTEX_POINT('',#2939);
#907=VERTEX_POINT('',#2941);
#908=VERTEX_POINT('',#2948);
#909=VERTEX_POINT('',#2950);
#910=VERTEX_POINT('',#2953);
#911=VERTEX_POINT('',#2955);
#912=VERTEX_POINT('',#2961);
#913=VERTEX_POINT('',#2963);
#914=VERTEX_POINT('',#2965);
#915=VERTEX_POINT('',#2967);
#916=VERTEX_POINT('',#2969);
#917=VERTEX_POINT('',#2971);
#918=VERTEX_POINT('',#2973);
#919=VERTEX_POINT('',#2975);
#920=VERTEX_POINT('',#2977);
#921=VERTEX_POINT('',#2978);
#922=VERTEX_POINT('',#2980);
#923=VERTEX_POINT('',#2982);
#924=VERTEX_POINT('',#2984);
#925=VERTEX_POINT('',#2986);
#926=VERTEX_POINT('',#2988);
#927=VERTEX_POINT('',#2990);
#928=VERTEX_POINT('',#2993);
#929=VERTEX_POINT('',#2994);
#930=VERTEX_POINT('',#2996);
#931=VERTEX_POINT('',#2998);
#932=VERTEX_POINT('',#3002);
#933=VERTEX_POINT('',#3004);
#934=VERTEX_POINT('',#3006);
#935=VERTEX_POINT('',#3008);
#936=VERTEX_POINT('',#3010);
#937=VERTEX_POINT('',#3012);
#938=VERTEX_POINT('',#3014);
#939=VERTEX_POINT('',#3016);
#940=VERTEX_POINT('',#3018);
#941=VERTEX_POINT('',#3019);
#942=VERTEX_POINT('',#3021);
#943=VERTEX_POINT('',#3023);
#944=VERTEX_POINT('',#3025);
#945=VERTEX_POINT('',#3027);
#946=VERTEX_POINT('',#3029);
#947=VERTEX_POINT('',#3031);
#948=VERTEX_POINT('',#3034);
#949=VERTEX_POINT('',#3035);
#950=VERTEX_POINT('',#3037);
#951=VERTEX_POINT('',#3039);
#952=VERTEX_POINT('',#3043);
#953=VERTEX_POINT('',#3044);
#954=VERTEX_POINT('',#3046);
#955=VERTEX_POINT('',#3048);
#956=VERTEX_POINT('',#3050);
#957=VERTEX_POINT('',#3052);
#958=VERTEX_POINT('',#3054);
#959=VERTEX_POINT('',#3056);
#960=VERTEX_POINT('',#3059);
#961=VERTEX_POINT('',#3060);
#962=VERTEX_POINT('',#3062);
#963=VERTEX_POINT('',#3064);
#964=VERTEX_POINT('',#3066);
#965=VERTEX_POINT('',#3068);
#966=VERTEX_POINT('',#3070);
#967=VERTEX_POINT('',#3072);
#968=VERTEX_POINT('',#3120);
#969=VERTEX_POINT('',#3123);
#970=VERTEX_POINT('',#3126);
#971=VERTEX_POINT('',#3129);
#972=VERTEX_POINT('',#3132);
#973=VERTEX_POINT('',#3135);
#974=VERTEX_POINT('',#3138);
#975=VERTEX_POINT('',#3141);
#976=VERTEX_POINT('',#3149);
#977=VERTEX_POINT('',#3150);
#978=VERTEX_POINT('',#3152);
#979=VERTEX_POINT('',#3154);
#980=VERTEX_POINT('',#3158);
#981=VERTEX_POINT('',#3160);
#982=VERTEX_POINT('',#3164);
#983=VERTEX_POINT('',#3166);
#984=VERTEX_POINT('',#3176);
#985=VERTEX_POINT('',#3177);
#986=VERTEX_POINT('',#3180);
#987=VERTEX_POINT('',#3182);
#988=VERTEX_POINT('',#3184);
#989=VERTEX_POINT('',#3186);
#990=VERTEX_POINT('',#3187);
#991=VERTEX_POINT('',#3189);
#992=VERTEX_POINT('',#3191);
#993=VERTEX_POINT('',#3193);
#994=VERTEX_POINT('',#3195);
#995=VERTEX_POINT('',#3197);
#996=VERTEX_POINT('',#3199);
#997=VERTEX_POINT('',#3202);
#998=VERTEX_POINT('',#3203);
#999=VERTEX_POINT('',#3205);
#1000=VERTEX_POINT('',#3207);
#1001=VERTEX_POINT('',#3210);
#1002=VERTEX_POINT('',#3211);
#1003=VERTEX_POINT('',#3213);
#1004=VERTEX_POINT('',#3215);
#1005=VERTEX_POINT('',#3219);
#1006=VERTEX_POINT('',#3220);
#1007=VERTEX_POINT('',#3222);
#1008=VERTEX_POINT('',#3224);
#1009=VERTEX_POINT('',#3227);
#1010=VERTEX_POINT('',#3229);
#1011=VERTEX_POINT('',#3231);
#1012=VERTEX_POINT('',#3233);
#1013=VERTEX_POINT('',#3235);
#1014=VERTEX_POINT('',#3236);
#1015=VERTEX_POINT('',#3238);
#1016=VERTEX_POINT('',#3240);
#1017=VERTEX_POINT('',#3242);
#1018=VERTEX_POINT('',#3244);
#1019=VERTEX_POINT('',#3246);
#1020=VERTEX_POINT('',#3248);
#1021=VERTEX_POINT('',#3251);
#1022=VERTEX_POINT('',#3252);
#1023=VERTEX_POINT('',#3254);
#1024=VERTEX_POINT('',#3256);
#1025=VERTEX_POINT('',#3272);
#1026=VERTEX_POINT('',#3275);
#1027=VERTEX_POINT('',#3278);
#1028=VERTEX_POINT('',#3280);
#1029=VERTEX_POINT('',#3286);
#1030=VERTEX_POINT('',#3289);
#1031=VERTEX_POINT('',#3292);
#1032=VERTEX_POINT('',#3295);
#1033=VERTEX_POINT('',#3323);
#1034=VERTEX_POINT('',#3324);
#1035=VERTEX_POINT('',#3326);
#1036=VERTEX_POINT('',#3328);
#1037=VERTEX_POINT('',#3332);
#1038=VERTEX_POINT('',#3334);
#1039=VERTEX_POINT('',#3338);
#1040=VERTEX_POINT('',#3340);
#1041=VERTEX_POINT('',#3350);
#1042=VERTEX_POINT('',#3351);
#1043=VERTEX_POINT('',#3353);
#1044=VERTEX_POINT('',#3355);
#1045=VERTEX_POINT('',#3359);
#1046=VERTEX_POINT('',#3361);
#1047=VERTEX_POINT('',#3365);
#1048=VERTEX_POINT('',#3367);
#1049=VERTEX_POINT('',#3377);
#1050=VERTEX_POINT('',#3378);
#1051=VERTEX_POINT('',#3380);
#1052=VERTEX_POINT('',#3382);
#1053=VERTEX_POINT('',#3386);
#1054=VERTEX_POINT('',#3388);
#1055=VERTEX_POINT('',#3392);
#1056=VERTEX_POINT('',#3394);
#1057=VERTEX_POINT('',#3398);
#1058=VERTEX_POINT('',#3399);
#1059=VERTEX_POINT('',#3401);
#1060=VERTEX_POINT('',#3403);
#1061=VERTEX_POINT('',#3407);
#1062=VERTEX_POINT('',#3409);
#1063=VERTEX_POINT('',#3413);
#1064=VERTEX_POINT('',#3415);
#1065=LINE('',#2869,#1247);
#1066=LINE('',#2872,#1248);
#1067=LINE('',#2874,#1249);
#1068=LINE('',#2876,#1250);
#1069=LINE('',#2878,#1251);
#1070=LINE('',#2880,#1252);
#1071=LINE('',#2882,#1253);
#1072=LINE('',#2884,#1254);
#1073=LINE('',#2886,#1255);
#1074=LINE('',#2888,#1256);
#1075=LINE('',#2890,#1257);
#1076=LINE('',#2891,#1258);
#1077=LINE('',#2896,#1259);
#1078=LINE('',#2899,#1260);
#1079=LINE('',#2901,#1261);
#1080=LINE('',#2903,#1262);
#1081=LINE('',#2905,#1263);
#1082=LINE('',#2907,#1264);
#1083=LINE('',#2909,#1265);
#1084=LINE('',#2911,#1266);
#1085=LINE('',#2913,#1267);
#1086=LINE('',#2915,#1268);
#1087=LINE('',#2917,#1269);
#1088=LINE('',#2918,#1270);
#1089=LINE('',#2923,#1271);
#1090=LINE('',#2926,#1272);
#1091=LINE('',#2928,#1273);
#1092=LINE('',#2930,#1274);
#1093=LINE('',#2932,#1275);
#1094=LINE('',#2934,#1276);
#1095=LINE('',#2936,#1277);
#1096=LINE('',#2938,#1278);
#1097=LINE('',#2940,#1279);
#1098=LINE('',#2942,#1280);
#1099=LINE('',#2944,#1281);
#1100=LINE('',#2945,#1282);
#1101=LINE('',#2976,#1283);
#1102=LINE('',#2981,#1284);
#1103=LINE('',#2985,#1285);
#1104=LINE('',#2989,#1286);
#1105=LINE('',#2992,#1287);
#1106=LINE('',#2995,#1288);
#1107=LINE('',#2997,#1289);
#1108=LINE('',#2999,#1290);
#1109=LINE('',#3017,#1291);
#1110=LINE('',#3022,#1292);
#1111=LINE('',#3026,#1293);
#1112=LINE('',#3030,#1294);
#1113=LINE('',#3033,#1295);
#1114=LINE('',#3036,#1296);
#1115=LINE('',#3038,#1297);
#1116=LINE('',#3040,#1298);
#1117=LINE('',#3042,#1299);
#1118=LINE('',#3047,#1300);
#1119=LINE('',#3051,#1301);
#1120=LINE('',#3055,#1302);
#1121=LINE('',#3061,#1303);
#1122=LINE('',#3065,#1304);
#1123=LINE('',#3069,#1305);
#1124=LINE('',#3073,#1306);
#1125=LINE('',#3075,#1307);
#1126=LINE('',#3076,#1308);
#1127=LINE('',#3078,#1309);
#1128=LINE('',#3079,#1310);
#1129=LINE('',#3081,#1311);
#1130=LINE('',#3082,#1312);
#1131=LINE('',#3084,#1313);
#1132=LINE('',#3085,#1314);
#1133=LINE('',#3091,#1315);
#1134=LINE('',#3092,#1316);
#1135=LINE('',#3094,#1317);
#1136=LINE('',#3095,#1318);
#1137=LINE('',#3097,#1319);
#1138=LINE('',#3098,#1320);
#1139=LINE('',#3100,#1321);
#1140=LINE('',#3101,#1322);
#1141=LINE('',#3107,#1323);
#1142=LINE('',#3108,#1324);
#1143=LINE('',#3110,#1325);
#1144=LINE('',#3112,#1326);
#1145=LINE('',#3148,#1327);
#1146=LINE('',#3151,#1328);
#1147=LINE('',#3153,#1329);
#1148=LINE('',#3155,#1330);
#1149=LINE('',#3157,#1331);
#1150=LINE('',#3159,#1332);
#1151=LINE('',#3161,#1333);
#1152=LINE('',#3163,#1334);
#1153=LINE('',#3165,#1335);
#1154=LINE('',#3167,#1336);
#1155=LINE('',#3169,#1337);
#1156=LINE('',#3170,#1338);
#1157=LINE('',#3185,#1339);
#1158=LINE('',#3190,#1340);
#1159=LINE('',#3194,#1341);
#1160=LINE('',#3198,#1342);
#1161=LINE('',#3201,#1343);
#1162=LINE('',#3204,#1344);
#1163=LINE('',#3206,#1345);
#1164=LINE('',#3208,#1346);
#1165=LINE('',#3209,#1347);
#1166=LINE('',#3212,#1348);
#1167=LINE('',#3214,#1349);
#1168=LINE('',#3216,#1350);
#1169=LINE('',#3218,#1351);
#1170=LINE('',#3221,#1352);
#1171=LINE('',#3223,#1353);
#1172=LINE('',#3225,#1354);
#1173=LINE('',#3234,#1355);
#1174=LINE('',#3239,#1356);
#1175=LINE('',#3243,#1357);
#1176=LINE('',#3247,#1358);
#1177=LINE('',#3250,#1359);
#1178=LINE('',#3253,#1360);
#1179=LINE('',#3255,#1361);
#1180=LINE('',#3257,#1362);
#1181=LINE('',#3259,#1363);
#1182=LINE('',#3260,#1364);
#1183=LINE('',#3262,#1365);
#1184=LINE('',#3263,#1366);
#1185=LINE('',#3265,#1367);
#1186=LINE('',#3266,#1368);
#1187=LINE('',#3268,#1369);
#1188=LINE('',#3269,#1370);
#1189=LINE('',#3277,#1371);
#1190=LINE('',#3281,#1372);
#1191=LINE('',#3301,#1373);
#1192=LINE('',#3302,#1374);
#1193=LINE('',#3304,#1375);
#1194=LINE('',#3306,#1376);
#1195=LINE('',#3309,#1377);
#1196=LINE('',#3310,#1378);
#1197=LINE('',#3312,#1379);
#1198=LINE('',#3314,#1380);
#1199=LINE('',#3322,#1381);
#1200=LINE('',#3325,#1382);
#1201=LINE('',#3327,#1383);
#1202=LINE('',#3329,#1384);
#1203=LINE('',#3331,#1385);
#1204=LINE('',#3333,#1386);
#1205=LINE('',#3335,#1387);
#1206=LINE('',#3337,#1388);
#1207=LINE('',#3339,#1389);
#1208=LINE('',#3341,#1390);
#1209=LINE('',#3343,#1391);
#1210=LINE('',#3344,#1392);
#1211=LINE('',#3349,#1393);
#1212=LINE('',#3352,#1394);
#1213=LINE('',#3354,#1395);
#1214=LINE('',#3356,#1396);
#1215=LINE('',#3358,#1397);
#1216=LINE('',#3360,#1398);
#1217=LINE('',#3362,#1399);
#1218=LINE('',#3364,#1400);
#1219=LINE('',#3366,#1401);
#1220=LINE('',#3368,#1402);
#1221=LINE('',#3370,#1403);
#1222=LINE('',#3371,#1404);
#1223=LINE('',#3376,#1405);
#1224=LINE('',#3379,#1406);
#1225=LINE('',#3381,#1407);
#1226=LINE('',#3383,#1408);
#1227=LINE('',#3385,#1409);
#1228=LINE('',#3387,#1410);
#1229=LINE('',#3389,#1411);
#1230=LINE('',#3391,#1412);
#1231=LINE('',#3393,#1413);
#1232=LINE('',#3395,#1414);
#1233=LINE('',#3397,#1415);
#1234=LINE('',#3400,#1416);
#1235=LINE('',#3402,#1417);
#1236=LINE('',#3404,#1418);
#1237=LINE('',#3406,#1419);
#1238=LINE('',#3408,#1420);
#1239=LINE('',#3410,#1421);
#1240=LINE('',#3412,#1422);
#1241=LINE('',#3414,#1423);
#1242=LINE('',#3416,#1424);
#1243=LINE('',#3418,#1425);
#1244=LINE('',#3419,#1426);
#1245=LINE('',#3421,#1427);
#1246=LINE('',#3422,#1428);
#1247=VECTOR('',#2299,1.);
#1248=VECTOR('',#2300,1.);
#1249=VECTOR('',#2301,1.);
#1250=VECTOR('',#2302,1.);
#1251=VECTOR('',#2305,1.);
#1252=VECTOR('',#2306,1.);
#1253=VECTOR('',#2307,1.);
#1254=VECTOR('',#2310,1.);
#1255=VECTOR('',#2311,1.);
#1256=VECTOR('',#2312,1.);
#1257=VECTOR('',#2315,1.);
#1258=VECTOR('',#2316,1.);
#1259=VECTOR('',#2325,1.);
#1260=VECTOR('',#2326,1.);
#1261=VECTOR('',#2327,1.);
#1262=VECTOR('',#2328,1.);
#1263=VECTOR('',#2331,1.);
#1264=VECTOR('',#2332,1.);
#1265=VECTOR('',#2333,1.);
#1266=VECTOR('',#2336,1.);
#1267=VECTOR('',#2337,1.);
#1268=VECTOR('',#2338,1.);
#1269=VECTOR('',#2341,1.);
#1270=VECTOR('',#2342,1.);
#1271=VECTOR('',#2351,1.);
#1272=VECTOR('',#2352,1.);
#1273=VECTOR('',#2353,1.);
#1274=VECTOR('',#2354,1.);
#1275=VECTOR('',#2357,1.);
#1276=VECTOR('',#2358,1.);
#1277=VECTOR('',#2359,1.);
#1278=VECTOR('',#2362,1.);
#1279=VECTOR('',#2363,1.);
#1280=VECTOR('',#2364,1.);
#1281=VECTOR('',#2367,1.);
#1282=VECTOR('',#2368,1.);
#1283=VECTOR('',#2405,1.);
#1284=VECTOR('',#2408,1.);
#1285=VECTOR('',#2411,1.);
#1286=VECTOR('',#2414,1.);
#1287=VECTOR('',#2417,1.);
#1288=VECTOR('',#2418,1.);
#1289=VECTOR('',#2419,1.);
#1290=VECTOR('',#2420,1.);
#1291=VECTOR('',#2439,1.);
#1292=VECTOR('',#2442,1.);
#1293=VECTOR('',#2445,1.);
#1294=VECTOR('',#2448,1.);
#1295=VECTOR('',#2451,1.);
#1296=VECTOR('',#2452,1.);
#1297=VECTOR('',#2453,1.);
#1298=VECTOR('',#2454,1.);
#1299=VECTOR('',#2457,1.);
#1300=VECTOR('',#2460,1.);
#1301=VECTOR('',#2463,1.);
#1302=VECTOR('',#2466,1.);
#1303=VECTOR('',#2471,1.);
#1304=VECTOR('',#2474,1.);
#1305=VECTOR('',#2477,1.);
#1306=VECTOR('',#2480,1.);
#1307=VECTOR('',#2483,1.);
#1308=VECTOR('',#2484,1.);
#1309=VECTOR('',#2487,1.);
#1310=VECTOR('',#2488,1.);
#1311=VECTOR('',#2491,1.);
#1312=VECTOR('',#2492,1.);
#1313=VECTOR('',#2495,1.);
#1314=VECTOR('',#2496,1.);
#1315=VECTOR('',#2507,1.);
#1316=VECTOR('',#2508,1.);
#1317=VECTOR('',#2511,1.);
#1318=VECTOR('',#2512,1.);
#1319=VECTOR('',#2515,1.);
#1320=VECTOR('',#2516,1.);
#1321=VECTOR('',#2519,1.);
#1322=VECTOR('',#2520,1.);
#1323=VECTOR('',#2531,1.);
#1324=VECTOR('',#2532,1.);
#1325=VECTOR('',#2535,1.);
#1326=VECTOR('',#2538,1.);
#1327=VECTOR('',#2593,1.);
#1328=VECTOR('',#2594,1.);
#1329=VECTOR('',#2595,1.);
#1330=VECTOR('',#2596,1.);
#1331=VECTOR('',#2599,1.);
#1332=VECTOR('',#2600,1.);
#1333=VECTOR('',#2601,1.);
#1334=VECTOR('',#2604,1.);
#1335=VECTOR('',#2605,1.);
#1336=VECTOR('',#2606,1.);
#1337=VECTOR('',#2609,1.);
#1338=VECTOR('',#2610,1.);
#1339=VECTOR('',#2629,1.);
#1340=VECTOR('',#2632,1.);
#1341=VECTOR('',#2635,1.);
#1342=VECTOR('',#2638,1.);
#1343=VECTOR('',#2641,1.);
#1344=VECTOR('',#2642,1.);
#1345=VECTOR('',#2643,1.);
#1346=VECTOR('',#2644,1.);
#1347=VECTOR('',#2645,1.);
#1348=VECTOR('',#2646,1.);
#1349=VECTOR('',#2647,1.);
#1350=VECTOR('',#2648,1.);
#1351=VECTOR('',#2651,1.);
#1352=VECTOR('',#2652,1.);
#1353=VECTOR('',#2653,1.);
#1354=VECTOR('',#2654,1.);
#1355=VECTOR('',#2663,1.);
#1356=VECTOR('',#2666,1.);
#1357=VECTOR('',#2669,1.);
#1358=VECTOR('',#2672,1.);
#1359=VECTOR('',#2675,1.);
#1360=VECTOR('',#2676,1.);
#1361=VECTOR('',#2677,1.);
#1362=VECTOR('',#2678,1.);
#1363=VECTOR('',#2681,1.);
#1364=VECTOR('',#2682,1.);
#1365=VECTOR('',#2685,1.);
#1366=VECTOR('',#2686,1.);
#1367=VECTOR('',#2689,1.);
#1368=VECTOR('',#2690,1.);
#1369=VECTOR('',#2693,1.);
#1370=VECTOR('',#2694,1.);
#1371=VECTOR('',#2705,1.);
#1372=VECTOR('',#2708,1.);
#1373=VECTOR('',#2739,1.);
#1374=VECTOR('',#2740,1.);
#1375=VECTOR('',#2743,1.);
#1376=VECTOR('',#2746,1.);
#1377=VECTOR('',#2751,1.);
#1378=VECTOR('',#2752,1.);
#1379=VECTOR('',#2755,1.);
#1380=VECTOR('',#2758,1.);
#1381=VECTOR('',#2773,1.);
#1382=VECTOR('',#2774,1.);
#1383=VECTOR('',#2775,1.);
#1384=VECTOR('',#2776,1.);
#1385=VECTOR('',#2779,1.);
#1386=VECTOR('',#2780,1.);
#1387=VECTOR('',#2781,1.);
#1388=VECTOR('',#2784,1.);
#1389=VECTOR('',#2785,1.);
#1390=VECTOR('',#2786,1.);
#1391=VECTOR('',#2789,1.);
#1392=VECTOR('',#2790,1.);
#1393=VECTOR('',#2799,1.);
#1394=VECTOR('',#2800,1.);
#1395=VECTOR('',#2801,1.);
#1396=VECTOR('',#2802,1.);
#1397=VECTOR('',#2805,1.);
#1398=VECTOR('',#2806,1.);
#1399=VECTOR('',#2807,1.);
#1400=VECTOR('',#2810,1.);
#1401=VECTOR('',#2811,1.);
#1402=VECTOR('',#2812,1.);
#1403=VECTOR('',#2815,1.);
#1404=VECTOR('',#2816,1.);
#1405=VECTOR('',#2825,1.);
#1406=VECTOR('',#2826,1.);
#1407=VECTOR('',#2827,1.);
#1408=VECTOR('',#2828,1.);
#1409=VECTOR('',#2831,1.);
#1410=VECTOR('',#2832,1.);
#1411=VECTOR('',#2833,1.);
#1412=VECTOR('',#2836,1.);
#1413=VECTOR('',#2837,1.);
#1414=VECTOR('',#2838,1.);
#1415=VECTOR('',#2841,1.);
#1416=VECTOR('',#2842,1.);
#1417=VECTOR('',#2843,1.);
#1418=VECTOR('',#2844,1.);
#1419=VECTOR('',#2847,1.);
#1420=VECTOR('',#2848,1.);
#1421=VECTOR('',#2849,1.);
#1422=VECTOR('',#2852,1.);
#1423=VECTOR('',#2853,1.);
#1424=VECTOR('',#2854,1.);
#1425=VECTOR('',#2857,1.);
#1426=VECTOR('',#2858,1.);
#1427=VECTOR('',#2861,1.);
#1428=VECTOR('',#2862,1.);
#1429=EDGE_LOOP('',(#131,#132,#133,#134));
#1430=EDGE_LOOP('',(#135,#136,#137,#138));
#1431=EDGE_LOOP('',(#139,#140,#141,#142));
#1432=EDGE_LOOP('',(#143,#144,#145,#146));
#1433=EDGE_LOOP('',(#147,#148,#149,#150));
#1434=EDGE_LOOP('',(#151,#152,#153,#154));
#1435=EDGE_LOOP('',(#155,#156,#157,#158));
#1436=EDGE_LOOP('',(#159,#160,#161,#162));
#1437=EDGE_LOOP('',(#163,#164,#165,#166));
#1438=EDGE_LOOP('',(#167,#168,#169,#170));
#1439=EDGE_LOOP('',(#171,#172,#173,#174));
#1440=EDGE_LOOP('',(#175,#176,#177,#178));
#1441=EDGE_LOOP('',(#179,#180,#181,#182));
#1442=EDGE_LOOP('',(#183,#184,#185,#186));
#1443=EDGE_LOOP('',(#187,#188,#189,#190));
#1444=EDGE_LOOP('',(#191,#192,#193,#194));
#1445=EDGE_LOOP('',(#195));
#1446=EDGE_LOOP('',(#196));
#1447=EDGE_LOOP('',(#197,#198,#199,#200));
#1448=EDGE_LOOP('',(#201));
#1449=EDGE_LOOP('',(#202));
#1450=EDGE_LOOP('',(#203,#204,#205,#206));
#1451=EDGE_LOOP('',(#207));
#1452=EDGE_LOOP('',(#208));
#1453=EDGE_LOOP('',(#209));
#1454=EDGE_LOOP('',(#210));
#1455=EDGE_LOOP('',(#211));
#1456=EDGE_LOOP('',(#212));
#1457=EDGE_LOOP('',(#213));
#1458=EDGE_LOOP('',(#214));
#1459=EDGE_LOOP('',(#215));
#1460=EDGE_LOOP('',(#216));
#1461=EDGE_LOOP('',(#217));
#1462=EDGE_LOOP('',(#218));
#1463=EDGE_LOOP('',(#219,#220,#221,#222,#223,#224,#225,#226));
#1464=EDGE_LOOP('',(#227,#228,#229,#230));
#1465=EDGE_LOOP('',(#231));
#1466=EDGE_LOOP('',(#232));
#1467=EDGE_LOOP('',(#233));
#1468=EDGE_LOOP('',(#234));
#1469=EDGE_LOOP('',(#235));
#1470=EDGE_LOOP('',(#236));
#1471=EDGE_LOOP('',(#237));
#1472=EDGE_LOOP('',(#238));
#1473=EDGE_LOOP('',(#239,#240,#241,#242,#243,#244,#245,#246));
#1474=EDGE_LOOP('',(#247,#248,#249,#250));
#1475=EDGE_LOOP('',(#251,#252,#253,#254,#255,#256,#257,#258));
#1476=EDGE_LOOP('',(#259,#260,#261,#262,#263,#264,#265,#266));
#1477=EDGE_LOOP('',(#267,#268,#269,#270));
#1478=EDGE_LOOP('',(#271,#272,#273,#274));
#1479=EDGE_LOOP('',(#275,#276,#277,#278));
#1480=EDGE_LOOP('',(#279,#280,#281,#282));
#1481=EDGE_LOOP('',(#283,#284,#285,#286));
#1482=EDGE_LOOP('',(#287,#288,#289,#290));
#1483=EDGE_LOOP('',(#291,#292,#293,#294));
#1484=EDGE_LOOP('',(#295,#296,#297,#298));
#1485=EDGE_LOOP('',(#299,#300,#301,#302));
#1486=EDGE_LOOP('',(#303,#304,#305,#306));
#1487=EDGE_LOOP('',(#307,#308,#309,#310));
#1488=EDGE_LOOP('',(#311,#312,#313,#314));
#1489=EDGE_LOOP('',(#315,#316,#317,#318));
#1490=EDGE_LOOP('',(#319,#320,#321,#322));
#1491=EDGE_LOOP('',(#323,#324,#325,#326));
#1492=EDGE_LOOP('',(#327,#328,#329,#330));
#1493=EDGE_LOOP('',(#331,#332,#333,#334));
#1494=EDGE_LOOP('',(#335,#336,#337,#338));
#1495=EDGE_LOOP('',(#339,#340,#341,#342));
#1496=EDGE_LOOP('',(#343,#344,#345,#346));
#1497=EDGE_LOOP('',(#347));
#1498=EDGE_LOOP('',(#348));
#1499=EDGE_LOOP('',(#349));
#1500=EDGE_LOOP('',(#350));
#1501=EDGE_LOOP('',(#351));
#1502=EDGE_LOOP('',(#352));
#1503=EDGE_LOOP('',(#353));
#1504=EDGE_LOOP('',(#354));
#1505=EDGE_LOOP('',(#355));
#1506=EDGE_LOOP('',(#356));
#1507=EDGE_LOOP('',(#357));
#1508=EDGE_LOOP('',(#358));
#1509=EDGE_LOOP('',(#359));
#1510=EDGE_LOOP('',(#360));
#1511=EDGE_LOOP('',(#361));
#1512=EDGE_LOOP('',(#362));
#1513=EDGE_LOOP('',(#363));
#1514=EDGE_LOOP('',(#364));
#1515=EDGE_LOOP('',(#365));
#1516=EDGE_LOOP('',(#366));
#1517=EDGE_LOOP('',(#367));
#1518=EDGE_LOOP('',(#368));
#1519=EDGE_LOOP('',(#369));
#1520=EDGE_LOOP('',(#370));
#1521=EDGE_LOOP('',(#371));
#1522=EDGE_LOOP('',(#372));
#1523=EDGE_LOOP('',(#373));
#1524=EDGE_LOOP('',(#374));
#1525=EDGE_LOOP('',(#375));
#1526=EDGE_LOOP('',(#376));
#1527=EDGE_LOOP('',(#377));
#1528=EDGE_LOOP('',(#378));
#1529=EDGE_LOOP('',(#379,#380,#381,#382));
#1530=EDGE_LOOP('',(#383,#384,#385,#386));
#1531=EDGE_LOOP('',(#387,#388,#389,#390));
#1532=EDGE_LOOP('',(#391,#392,#393,#394));
#1533=EDGE_LOOP('',(#395,#396,#397,#398));
#1534=EDGE_LOOP('',(#399,#400,#401,#402));
#1535=EDGE_LOOP('',(#403,#404));
#1536=EDGE_LOOP('',(#405));
#1537=EDGE_LOOP('',(#406));
#1538=EDGE_LOOP('',(#407));
#1539=EDGE_LOOP('',(#408,#409,#410,#411,#412,#413,#414,#415));
#1540=EDGE_LOOP('',(#416,#417,#418,#419));
#1541=EDGE_LOOP('',(#420,#421,#422,#423));
#1542=EDGE_LOOP('',(#424,#425,#426,#427));
#1543=EDGE_LOOP('',(#428));
#1544=EDGE_LOOP('',(#429));
#1545=EDGE_LOOP('',(#430));
#1546=EDGE_LOOP('',(#431));
#1547=EDGE_LOOP('',(#432,#433,#434,#435,#436,#437,#438,#439));
#1548=EDGE_LOOP('',(#440,#441,#442,#443));
#1549=EDGE_LOOP('',(#444,#445,#446,#447));
#1550=EDGE_LOOP('',(#448,#449,#450,#451));
#1551=EDGE_LOOP('',(#452,#453,#454,#455));
#1552=EDGE_LOOP('',(#456,#457,#458,#459));
#1553=EDGE_LOOP('',(#460));
#1554=EDGE_LOOP('',(#461));
#1555=EDGE_LOOP('',(#462));
#1556=EDGE_LOOP('',(#463));
#1557=EDGE_LOOP('',(#464,#465,#466,#467));
#1558=EDGE_LOOP('',(#468,#469));
#1559=EDGE_LOOP('',(#470));
#1560=EDGE_LOOP('',(#471));
#1561=EDGE_LOOP('',(#472));
#1562=EDGE_LOOP('',(#473));
#1563=EDGE_LOOP('',(#474));
#1564=EDGE_LOOP('',(#475));
#1565=EDGE_LOOP('',(#476));
#1566=EDGE_LOOP('',(#477));
#1567=EDGE_LOOP('',(#478));
#1568=EDGE_LOOP('',(#479));
#1569=EDGE_LOOP('',(#480));
#1570=EDGE_LOOP('',(#481));
#1571=EDGE_LOOP('',(#482,#483,#484,#485));
#1572=EDGE_LOOP('',(#486));
#1573=EDGE_LOOP('',(#487));
#1574=EDGE_LOOP('',(#488));
#1575=EDGE_LOOP('',(#489,#490,#491,#492));
#1576=EDGE_LOOP('',(#493,#494,#495,#496));
#1577=EDGE_LOOP('',(#497,#498,#499,#500));
#1578=EDGE_LOOP('',(#501,#502,#503,#504));
#1579=EDGE_LOOP('',(#505,#506,#507,#508));
#1580=EDGE_LOOP('',(#509,#510,#511,#512));
#1581=EDGE_LOOP('',(#513,#514,#515,#516));
#1582=EDGE_LOOP('',(#517,#518,#519,#520));
#1583=EDGE_LOOP('',(#521,#522,#523,#524));
#1584=EDGE_LOOP('',(#525,#526,#527,#528));
#1585=EDGE_LOOP('',(#529,#530,#531,#532));
#1586=EDGE_LOOP('',(#533,#534,#535,#536));
#1587=EDGE_LOOP('',(#537,#538,#539,#540));
#1588=EDGE_LOOP('',(#541,#542,#543,#544));
#1589=EDGE_LOOP('',(#545,#546,#547,#548));
#1590=EDGE_LOOP('',(#549,#550,#551,#552));
#1591=EDGE_LOOP('',(#553,#554,#555,#556));
#1592=EDGE_LOOP('',(#557,#558,#559,#560));
#1593=EDGE_LOOP('',(#561,#562,#563,#564));
#1594=EDGE_LOOP('',(#565,#566,#567,#568));
#1595=EDGE_LOOP('',(#569,#570,#571,#572));
#1596=EDGE_LOOP('',(#573,#574,#575,#576));
#1597=EDGE_LOOP('',(#577,#578,#579,#580));
#1598=EDGE_LOOP('',(#581,#582,#583,#584));
#1599=EDGE_LOOP('',(#585,#586,#587,#588));
#1600=EDGE_LOOP('',(#589,#590,#591,#592));
#1601=EDGE_LOOP('',(#593,#594,#595,#596));
#1602=EDGE_LOOP('',(#597,#598,#599,#600));
#1603=EDGE_LOOP('',(#601,#602,#603,#604));
#1604=EDGE_LOOP('',(#605,#606,#607,#608));
#1605=EDGE_LOOP('',(#609,#610,#611,#612));
#1606=EDGE_LOOP('',(#613,#614,#615,#616));
#1607=EDGE_LOOP('',(#617,#618,#619,#620));
#1608=EDGE_LOOP('',(#621,#622,#623,#624));
#1609=EDGE_LOOP('',(#625,#626,#627,#628));
#1610=EDGE_LOOP('',(#629,#630,#631,#632));
#1611=FACE_BOUND('',#1429,.T.);
#1612=FACE_BOUND('',#1430,.T.);
#1613=FACE_BOUND('',#1431,.T.);
#1614=FACE_BOUND('',#1432,.T.);
#1615=FACE_BOUND('',#1433,.T.);
#1616=FACE_BOUND('',#1434,.T.);
#1617=FACE_BOUND('',#1435,.T.);
#1618=FACE_BOUND('',#1436,.T.);
#1619=FACE_BOUND('',#1437,.T.);
#1620=FACE_BOUND('',#1438,.T.);
#1621=FACE_BOUND('',#1439,.T.);
#1622=FACE_BOUND('',#1440,.T.);
#1623=FACE_BOUND('',#1441,.T.);
#1624=FACE_BOUND('',#1442,.T.);
#1625=FACE_BOUND('',#1443,.T.);
#1626=FACE_BOUND('',#1444,.T.);
#1627=FACE_BOUND('',#1445,.T.);
#1628=FACE_BOUND('',#1446,.T.);
#1629=FACE_BOUND('',#1447,.T.);
#1630=FACE_BOUND('',#1448,.T.);
#1631=FACE_BOUND('',#1449,.T.);
#1632=FACE_BOUND('',#1450,.T.);
#1633=FACE_BOUND('',#1451,.T.);
#1634=FACE_BOUND('',#1452,.T.);
#1635=FACE_BOUND('',#1453,.T.);
#1636=FACE_BOUND('',#1454,.T.);
#1637=FACE_BOUND('',#1455,.T.);
#1638=FACE_BOUND('',#1456,.T.);
#1639=FACE_BOUND('',#1457,.T.);
#1640=FACE_BOUND('',#1458,.T.);
#1641=FACE_BOUND('',#1459,.T.);
#1642=FACE_BOUND('',#1460,.T.);
#1643=FACE_BOUND('',#1461,.T.);
#1644=FACE_BOUND('',#1462,.T.);
#1645=FACE_BOUND('',#1463,.T.);
#1646=FACE_BOUND('',#1464,.T.);
#1647=FACE_BOUND('',#1465,.T.);
#1648=FACE_BOUND('',#1466,.T.);
#1649=FACE_BOUND('',#1467,.T.);
#1650=FACE_BOUND('',#1468,.T.);
#1651=FACE_BOUND('',#1469,.T.);
#1652=FACE_BOUND('',#1470,.T.);
#1653=FACE_BOUND('',#1471,.T.);
#1654=FACE_BOUND('',#1472,.T.);
#1655=FACE_BOUND('',#1473,.T.);
#1656=FACE_BOUND('',#1474,.T.);
#1657=FACE_BOUND('',#1475,.T.);
#1658=FACE_BOUND('',#1476,.T.);
#1659=FACE_BOUND('',#1477,.T.);
#1660=FACE_BOUND('',#1478,.T.);
#1661=FACE_BOUND('',#1479,.T.);
#1662=FACE_BOUND('',#1480,.T.);
#1663=FACE_BOUND('',#1481,.T.);
#1664=FACE_BOUND('',#1482,.T.);
#1665=FACE_BOUND('',#1483,.T.);
#1666=FACE_BOUND('',#1484,.T.);
#1667=FACE_BOUND('',#1485,.T.);
#1668=FACE_BOUND('',#1486,.T.);
#1669=FACE_BOUND('',#1487,.T.);
#1670=FACE_BOUND('',#1488,.T.);
#1671=FACE_BOUND('',#1489,.T.);
#1672=FACE_BOUND('',#1490,.T.);
#1673=FACE_BOUND('',#1491,.T.);
#1674=FACE_BOUND('',#1492,.T.);
#1675=FACE_BOUND('',#1493,.T.);
#1676=FACE_BOUND('',#1494,.T.);
#1677=FACE_BOUND('',#1495,.T.);
#1678=FACE_BOUND('',#1496,.T.);
#1679=FACE_BOUND('',#1497,.T.);
#1680=FACE_BOUND('',#1498,.T.);
#1681=FACE_BOUND('',#1499,.T.);
#1682=FACE_BOUND('',#1500,.T.);
#1683=FACE_BOUND('',#1501,.T.);
#1684=FACE_BOUND('',#1502,.T.);
#1685=FACE_BOUND('',#1503,.T.);
#1686=FACE_BOUND('',#1504,.T.);
#1687=FACE_BOUND('',#1505,.T.);
#1688=FACE_BOUND('',#1506,.T.);
#1689=FACE_BOUND('',#1507,.T.);
#1690=FACE_BOUND('',#1508,.T.);
#1691=FACE_BOUND('',#1509,.T.);
#1692=FACE_BOUND('',#1510,.T.);
#1693=FACE_BOUND('',#1511,.T.);
#1694=FACE_BOUND('',#1512,.T.);
#1695=FACE_BOUND('',#1513,.T.);
#1696=FACE_BOUND('',#1514,.T.);
#1697=FACE_BOUND('',#1515,.T.);
#1698=FACE_BOUND('',#1516,.T.);
#1699=FACE_BOUND('',#1517,.T.);
#1700=FACE_BOUND('',#1518,.T.);
#1701=FACE_BOUND('',#1519,.T.);
#1702=FACE_BOUND('',#1520,.T.);
#1703=FACE_BOUND('',#1521,.T.);
#1704=FACE_BOUND('',#1522,.T.);
#1705=FACE_BOUND('',#1523,.T.);
#1706=FACE_BOUND('',#1524,.T.);
#1707=FACE_BOUND('',#1525,.T.);
#1708=FACE_BOUND('',#1526,.T.);
#1709=FACE_BOUND('',#1527,.T.);
#1710=FACE_BOUND('',#1528,.T.);
#1711=FACE_BOUND('',#1529,.T.);
#1712=FACE_BOUND('',#1530,.T.);
#1713=FACE_BOUND('',#1531,.T.);
#1714=FACE_BOUND('',#1532,.T.);
#1715=FACE_BOUND('',#1533,.T.);
#1716=FACE_BOUND('',#1534,.T.);
#1717=FACE_BOUND('',#1535,.T.);
#1718=FACE_BOUND('',#1536,.T.);
#1719=FACE_BOUND('',#1537,.T.);
#1720=FACE_BOUND('',#1538,.T.);
#1721=FACE_BOUND('',#1539,.T.);
#1722=FACE_BOUND('',#1540,.T.);
#1723=FACE_BOUND('',#1541,.T.);
#1724=FACE_BOUND('',#1542,.T.);
#1725=FACE_BOUND('',#1543,.T.);
#1726=FACE_BOUND('',#1544,.T.);
#1727=FACE_BOUND('',#1545,.T.);
#1728=FACE_BOUND('',#1546,.T.);
#1729=FACE_BOUND('',#1547,.T.);
#1730=FACE_BOUND('',#1548,.T.);
#1731=FACE_BOUND('',#1549,.T.);
#1732=FACE_BOUND('',#1550,.T.);
#1733=FACE_BOUND('',#1551,.T.);
#1734=FACE_BOUND('',#1552,.T.);
#1735=FACE_BOUND('',#1553,.T.);
#1736=FACE_BOUND('',#1554,.T.);
#1737=FACE_BOUND('',#1555,.T.);
#1738=FACE_BOUND('',#1556,.T.);
#1739=FACE_BOUND('',#1557,.T.);
#1740=FACE_BOUND('',#1558,.T.);
#1741=FACE_BOUND('',#1559,.T.);
#1742=FACE_BOUND('',#1560,.T.);
#1743=FACE_BOUND('',#1561,.T.);
#1744=FACE_BOUND('',#1562,.T.);
#1745=FACE_BOUND('',#1563,.T.);
#1746=FACE_BOUND('',#1564,.T.);
#1747=FACE_BOUND('',#1565,.T.);
#1748=FACE_BOUND('',#1566,.T.);
#1749=FACE_BOUND('',#1567,.T.);
#1750=FACE_BOUND('',#1568,.T.);
#1751=FACE_BOUND('',#1569,.T.);
#1752=FACE_BOUND('',#1570,.T.);
#1753=FACE_BOUND('',#1571,.T.);
#1754=FACE_BOUND('',#1572,.T.);
#1755=FACE_BOUND('',#1573,.T.);
#1756=FACE_BOUND('',#1574,.T.);
#1757=FACE_BOUND('',#1575,.T.);
#1758=FACE_BOUND('',#1576,.T.);
#1759=FACE_BOUND('',#1577,.T.);
#1760=FACE_BOUND('',#1578,.T.);
#1761=FACE_BOUND('',#1579,.T.);
#1762=FACE_BOUND('',#1580,.T.);
#1763=FACE_BOUND('',#1581,.T.);
#1764=FACE_BOUND('',#1582,.T.);
#1765=FACE_BOUND('',#1583,.T.);
#1766=FACE_BOUND('',#1584,.T.);
#1767=FACE_BOUND('',#1585,.T.);
#1768=FACE_BOUND('',#1586,.T.);
#1769=FACE_BOUND('',#1587,.T.);
#1770=FACE_BOUND('',#1588,.T.);
#1771=FACE_BOUND('',#1589,.T.);
#1772=FACE_BOUND('',#1590,.T.);
#1773=FACE_BOUND('',#1591,.T.);
#1774=FACE_BOUND('',#1592,.T.);
#1775=FACE_BOUND('',#1593,.T.);
#1776=FACE_BOUND('',#1594,.T.);
#1777=FACE_BOUND('',#1595,.T.);
#1778=FACE_BOUND('',#1596,.T.);
#1779=FACE_BOUND('',#1597,.T.);
#1780=FACE_BOUND('',#1598,.T.);
#1781=FACE_BOUND('',#1599,.T.);
#1782=FACE_BOUND('',#1600,.T.);
#1783=FACE_BOUND('',#1601,.T.);
#1784=FACE_BOUND('',#1602,.T.);
#1785=FACE_BOUND('',#1603,.T.);
#1786=FACE_BOUND('',#1604,.T.);
#1787=FACE_BOUND('',#1605,.T.);
#1788=FACE_BOUND('',#1606,.T.);
#1789=FACE_BOUND('',#1607,.T.);
#1790=FACE_BOUND('',#1608,.T.);
#1791=FACE_BOUND('',#1609,.T.);
#1792=FACE_BOUND('',#1610,.T.);
#1793=PLANE('',#2101);
#1794=PLANE('',#2102);
#1795=PLANE('',#2103);
#1796=PLANE('',#2104);
#1797=PLANE('',#2105);
#1798=PLANE('',#2106);
#1799=PLANE('',#2108);
#1800=PLANE('',#2109);
#1801=PLANE('',#2110);
#1802=PLANE('',#2111);
#1803=PLANE('',#2112);
#1804=PLANE('',#2113);
#1805=PLANE('',#2115);
#1806=PLANE('',#2116);
#1807=PLANE('',#2117);
#1808=PLANE('',#2118);
#1809=PLANE('',#2119);
#1810=PLANE('',#2122);
#1811=PLANE('',#2128);
#1812=PLANE('',#2141);
#1813=PLANE('',#2154);
#1814=PLANE('',#2163);
#1815=PLANE('',#2164);
#1816=PLANE('',#2165);
#1817=PLANE('',#2166);
#1818=PLANE('',#2171);
#1819=PLANE('',#2172);
#1820=PLANE('',#2173);
#1821=PLANE('',#2174);
#1822=PLANE('',#2179);
#1823=PLANE('',#2180);
#1824=PLANE('',#2181);
#1825=PLANE('',#2182);
#1826=PLANE('',#2189);
#1827=PLANE('',#2193);
#1828=PLANE('',#2197);
#1829=PLANE('',#2201);
#1830=PLANE('',#2208);
#1831=PLANE('',#2209);
#1832=PLANE('',#2210);
#1833=PLANE('',#2211);
#1834=PLANE('',#2212);
#1835=PLANE('',#2213);
#1836=PLANE('',#2215);
#1837=PLANE('',#2225);
#1838=PLANE('',#2234);
#1839=PLANE('',#2235);
#1840=PLANE('',#2236);
#1841=PLANE('',#2237);
#1842=PLANE('',#2240);
#1843=PLANE('',#2244);
#1844=PLANE('',#2248);
#1845=PLANE('',#2252);
#1846=PLANE('',#2258);
#1847=PLANE('',#2259);
#1848=PLANE('',#2260);
#1849=PLANE('',#2261);
#1850=PLANE('',#2262);
#1851=PLANE('',#2263);
#1852=PLANE('',#2264);
#1853=PLANE('',#2265);
#1854=PLANE('',#2271);
#1855=PLANE('',#2272);
#1856=PLANE('',#2273);
#1857=PLANE('',#2274);
#1858=PLANE('',#2275);
#1859=PLANE('',#2276);
#1860=PLANE('',#2278);
#1861=PLANE('',#2279);
#1862=PLANE('',#2280);
#1863=PLANE('',#2281);
#1864=PLANE('',#2282);
#1865=PLANE('',#2283);
#1866=PLANE('',#2285);
#1867=PLANE('',#2286);
#1868=PLANE('',#2287);
#1869=PLANE('',#2288);
#1870=PLANE('',#2289);
#1871=PLANE('',#2290);
#1872=PLANE('',#2291);
#1873=PLANE('',#2292);
#1874=PLANE('',#2293);
#1875=PLANE('',#2294);
#1876=ADVANCED_FACE('',(#1611),#1793,.T.);
#1877=ADVANCED_FACE('',(#1612),#1794,.F.);
#1878=ADVANCED_FACE('',(#1613),#1795,.F.);
#1879=ADVANCED_FACE('',(#1614),#1796,.T.);
#1880=ADVANCED_FACE('',(#1615),#1797,.T.);
#1881=ADVANCED_FACE('',(#1616),#1798,.F.);
#1882=ADVANCED_FACE('',(#1617),#1799,.T.);
#1883=ADVANCED_FACE('',(#1618),#1800,.F.);
#1884=ADVANCED_FACE('',(#1619),#1801,.F.);
#1885=ADVANCED_FACE('',(#1620),#1802,.T.);
#1886=ADVANCED_FACE('',(#1621),#1803,.T.);
#1887=ADVANCED_FACE('',(#1622),#1804,.F.);
#1888=ADVANCED_FACE('',(#1623),#1805,.T.);
#1889=ADVANCED_FACE('',(#1624),#1806,.F.);
#1890=ADVANCED_FACE('',(#1625),#1807,.F.);
#1891=ADVANCED_FACE('',(#1626),#1808,.T.);
#1892=ADVANCED_FACE('',(#1627,#1628,#1629),#1809,.T.);
#1893=ADVANCED_FACE('',(#1630,#1631,#1632),#1810,.F.);
#1894=ADVANCED_FACE('',(#1633,#1634),#10,.F.);
#1895=ADVANCED_FACE('',(#1635,#1636),#11,.F.);
#1896=ADVANCED_FACE('',(#1637,#1638,#1639,#1640,#1641,#1642,#1643,#1644,
#1645,#1646),#1811,.T.);
#1897=ADVANCED_FACE('',(#1647,#1648,#1649,#1650,#1651,#1652,#1653,#1654,
#1655,#1656),#1812,.F.);
#1898=ADVANCED_FACE('',(#1657,#1658),#1813,.F.);
#1899=ADVANCED_FACE('',(#1659),#1814,.T.);
#1900=ADVANCED_FACE('',(#1660),#1815,.F.);
#1901=ADVANCED_FACE('',(#1661),#1816,.F.);
#1902=ADVANCED_FACE('',(#1662),#1817,.T.);
#1903=ADVANCED_FACE('',(#1663),#12,.T.);
#1904=ADVANCED_FACE('',(#1664),#13,.T.);
#1905=ADVANCED_FACE('',(#1665),#14,.T.);
#1906=ADVANCED_FACE('',(#1666),#15,.T.);
#1907=ADVANCED_FACE('',(#1667),#1818,.F.);
#1908=ADVANCED_FACE('',(#1668),#1819,.T.);
#1909=ADVANCED_FACE('',(#1669),#1820,.T.);
#1910=ADVANCED_FACE('',(#1670),#1821,.F.);
#1911=ADVANCED_FACE('',(#1671),#16,.F.);
#1912=ADVANCED_FACE('',(#1672),#17,.F.);
#1913=ADVANCED_FACE('',(#1673),#18,.F.);
#1914=ADVANCED_FACE('',(#1674),#19,.F.);
#1915=ADVANCED_FACE('',(#1675),#1822,.T.);
#1916=ADVANCED_FACE('',(#1676),#1823,.F.);
#1917=ADVANCED_FACE('',(#1677),#1824,.F.);
#1918=ADVANCED_FACE('',(#1678),#1825,.T.);
#1919=ADVANCED_FACE('',(#1679,#1680),#20,.F.);
#1920=ADVANCED_FACE('',(#1681,#1682),#21,.F.);
#1921=ADVANCED_FACE('',(#1683,#1684),#22,.F.);
#1922=ADVANCED_FACE('',(#1685,#1686),#23,.F.);
#1923=ADVANCED_FACE('',(#1687,#1688),#24,.T.);
#1924=ADVANCED_FACE('',(#1689,#1690),#1826,.T.);
#1925=ADVANCED_FACE('',(#1691,#1692),#25,.T.);
#1926=ADVANCED_FACE('',(#1693,#1694),#1827,.T.);
#1927=ADVANCED_FACE('',(#1695,#1696),#26,.T.);
#1928=ADVANCED_FACE('',(#1697,#1698),#1828,.T.);
#1929=ADVANCED_FACE('',(#1699,#1700),#27,.T.);
#1930=ADVANCED_FACE('',(#1701,#1702),#1829,.T.);
#1931=ADVANCED_FACE('',(#1703,#1704),#28,.F.);
#1932=ADVANCED_FACE('',(#1705,#1706),#29,.F.);
#1933=ADVANCED_FACE('',(#1707,#1708),#30,.F.);
#1934=ADVANCED_FACE('',(#1709,#1710),#31,.F.);
#1935=ADVANCED_FACE('',(#1711),#1830,.T.);
#1936=ADVANCED_FACE('',(#1712),#1831,.F.);
#1937=ADVANCED_FACE('',(#1713),#1832,.F.);
#1938=ADVANCED_FACE('',(#1714),#1833,.T.);
#1939=ADVANCED_FACE('',(#1715),#1834,.T.);
#1940=ADVANCED_FACE('',(#1716),#1835,.F.);
#1941=ADVANCED_FACE('',(#1717,#1718,#1719,#1720,#1721,#1722,#1723),#1836,
 .T.);
#1942=ADVANCED_FACE('',(#1724,#1725,#1726,#1727,#1728,#1729,#1730),#1837,
 .F.);
#1943=ADVANCED_FACE('',(#1731),#1838,.T.);
#1944=ADVANCED_FACE('',(#1732),#1839,.F.);
#1945=ADVANCED_FACE('',(#1733),#1840,.F.);
#1946=ADVANCED_FACE('',(#1734),#1841,.T.);
#1947=ADVANCED_FACE('',(#1735,#1736),#32,.T.);
#1948=ADVANCED_FACE('',(#1737,#1738),#1842,.T.);
#1949=ADVANCED_FACE('',(#1739),#33,.T.);
#1950=ADVANCED_FACE('',(#1740),#1843,.T.);
#1951=ADVANCED_FACE('',(#1741,#1742),#34,.T.);
#1952=ADVANCED_FACE('',(#1743,#1744),#1844,.T.);
#1953=ADVANCED_FACE('',(#1745,#1746),#35,.T.);
#1954=ADVANCED_FACE('',(#1747,#1748),#1845,.T.);
#1955=ADVANCED_FACE('',(#1749,#1750),#36,.F.);
#1956=ADVANCED_FACE('',(#1751,#1752),#37,.F.);
#1957=ADVANCED_FACE('',(#1753,#1754),#38,.F.);
#1958=ADVANCED_FACE('',(#1755,#1756),#39,.F.);
#1959=ADVANCED_FACE('',(#1757),#1846,.T.);
#1960=ADVANCED_FACE('',(#1758),#1847,.F.);
#1961=ADVANCED_FACE('',(#1759),#1848,.F.);
#1962=ADVANCED_FACE('',(#1760),#1849,.T.);
#1963=ADVANCED_FACE('',(#1761),#1850,.T.);
#1964=ADVANCED_FACE('',(#1762),#1851,.F.);
#1965=ADVANCED_FACE('',(#1763),#1852,.F.);
#1966=ADVANCED_FACE('',(#1764),#1853,.T.);
#1967=ADVANCED_FACE('',(#1765),#40,.T.);
#1968=ADVANCED_FACE('',(#1766),#41,.T.);
#1969=ADVANCED_FACE('',(#1767),#42,.T.);
#1970=ADVANCED_FACE('',(#1768),#43,.T.);
#1971=ADVANCED_FACE('',(#1769),#1854,.T.);
#1972=ADVANCED_FACE('',(#1770),#1855,.F.);
#1973=ADVANCED_FACE('',(#1771),#1856,.F.);
#1974=ADVANCED_FACE('',(#1772),#1857,.T.);
#1975=ADVANCED_FACE('',(#1773),#1858,.T.);
#1976=ADVANCED_FACE('',(#1774),#1859,.F.);
#1977=ADVANCED_FACE('',(#1775),#1860,.T.);
#1978=ADVANCED_FACE('',(#1776),#1861,.F.);
#1979=ADVANCED_FACE('',(#1777),#1862,.F.);
#1980=ADVANCED_FACE('',(#1778),#1863,.T.);
#1981=ADVANCED_FACE('',(#1779),#1864,.T.);
#1982=ADVANCED_FACE('',(#1780),#1865,.F.);
#1983=ADVANCED_FACE('',(#1781),#1866,.T.);
#1984=ADVANCED_FACE('',(#1782),#1867,.F.);
#1985=ADVANCED_FACE('',(#1783),#1868,.F.);
#1986=ADVANCED_FACE('',(#1784),#1869,.T.);
#1987=ADVANCED_FACE('',(#1785),#1870,.F.);
#1988=ADVANCED_FACE('',(#1786),#1871,.F.);
#1989=ADVANCED_FACE('',(#1787),#1872,.T.);
#1990=ADVANCED_FACE('',(#1788),#1873,.T.);
#1991=ADVANCED_FACE('',(#1789,#1790),#1874,.T.);
#1992=ADVANCED_FACE('',(#1791,#1792),#1875,.F.);
#1993=CLOSED_SHELL('',(#1876,#1877,#1878,#1879,#1880,#1881));
#1994=CLOSED_SHELL('',(#1882,#1883,#1884,#1885,#1886,#1887));
#1995=CLOSED_SHELL('',(#1888,#1889,#1890,#1891,#1892,#1893,#1894,#1895));
#1996=CLOSED_SHELL('',(#1896,#1897,#1898,#1899,#1900,#1901,#1902,#1903,
#1904,#1905,#1906,#1907,#1908,#1909,#1910,#1911,#1912,#1913,#1914,#1915,
#1916,#1917,#1918,#1919,#1920,#1921,#1922,#1923,#1924,#1925,#1926,#1927,
#1928,#1929,#1930,#1931,#1932,#1933,#1934));
#1997=CLOSED_SHELL('',(#1935,#1936,#1937,#1938,#1939,#1940));
#1998=CLOSED_SHELL('',(#1941,#1942,#1943,#1944,#1945,#1946,#1947,#1948,
#1949,#1950,#1951,#1952,#1953,#1954,#1955,#1956,#1957,#1958,#1959,#1960,
#1961,#1962,#1963,#1964,#1965,#1966,#1967,#1968,#1969,#1970));
#1999=CLOSED_SHELL('',(#1971,#1972,#1973,#1974,#1975,#1976));
#2000=CLOSED_SHELL('',(#1977,#1978,#1979,#1980,#1981,#1982));
#2001=CLOSED_SHELL('',(#1983,#1984,#1985,#1986,#1987,#1988,#1989,#1990,
#1991,#1992));
#2002=STYLED_ITEM('',(#2011),#2073);
#2003=STYLED_ITEM('',(#2012),#2074);
#2004=STYLED_ITEM('',(#2013),#2075);
#2005=STYLED_ITEM('',(#2014),#2076);
#2006=STYLED_ITEM('',(#2015),#2077);
#2007=STYLED_ITEM('',(#2016),#2078);
#2008=STYLED_ITEM('',(#2017),#2079);
#2009=STYLED_ITEM('',(#2018),#2080);
#2010=STYLED_ITEM('',(#2019),#2081);
#2011=PRESENTATION_STYLE_ASSIGNMENT((#2020));
#2012=PRESENTATION_STYLE_ASSIGNMENT((#2021));
#2013=PRESENTATION_STYLE_ASSIGNMENT((#2022));
#2014=PRESENTATION_STYLE_ASSIGNMENT((#2023));
#2015=PRESENTATION_STYLE_ASSIGNMENT((#2024));
#2016=PRESENTATION_STYLE_ASSIGNMENT((#2025));
#2017=PRESENTATION_STYLE_ASSIGNMENT((#2026));
#2018=PRESENTATION_STYLE_ASSIGNMENT((#2027));
#2019=PRESENTATION_STYLE_ASSIGNMENT((#2028));
#2020=SURFACE_STYLE_USAGE(.BOTH.,#2029);
#2021=SURFACE_STYLE_USAGE(.BOTH.,#2030);
#2022=SURFACE_STYLE_USAGE(.BOTH.,#2031);
#2023=SURFACE_STYLE_USAGE(.BOTH.,#2032);
#2024=SURFACE_STYLE_USAGE(.BOTH.,#2033);
#2025=SURFACE_STYLE_USAGE(.BOTH.,#2034);
#2026=SURFACE_STYLE_USAGE(.BOTH.,#2035);
#2027=SURFACE_STYLE_USAGE(.BOTH.,#2036);
#2028=SURFACE_STYLE_USAGE(.BOTH.,#2037);
#2029=SURFACE_SIDE_STYLE('',(#2038));
#2030=SURFACE_SIDE_STYLE('',(#2039));
#2031=SURFACE_SIDE_STYLE('',(#2040));
#2032=SURFACE_SIDE_STYLE('',(#2041));
#2033=SURFACE_SIDE_STYLE('',(#2042));
#2034=SURFACE_SIDE_STYLE('',(#2043));
#2035=SURFACE_SIDE_STYLE('',(#2044));
#2036=SURFACE_SIDE_STYLE('',(#2045));
#2037=SURFACE_SIDE_STYLE('',(#2046));
#2038=SURFACE_STYLE_FILL_AREA(#2047);
#2039=SURFACE_STYLE_FILL_AREA(#2048);
#2040=SURFACE_STYLE_FILL_AREA(#2049);
#2041=SURFACE_STYLE_FILL_AREA(#2050);
#2042=SURFACE_STYLE_FILL_AREA(#2051);
#2043=SURFACE_STYLE_FILL_AREA(#2052);
#2044=SURFACE_STYLE_FILL_AREA(#2053);
#2045=SURFACE_STYLE_FILL_AREA(#2054);
#2046=SURFACE_STYLE_FILL_AREA(#2055);
#2047=FILL_AREA_STYLE('',(#2056));
#2048=FILL_AREA_STYLE('',(#2057));
#2049=FILL_AREA_STYLE('',(#2058));
#2050=FILL_AREA_STYLE('',(#2059));
#2051=FILL_AREA_STYLE('',(#2060));
#2052=FILL_AREA_STYLE('',(#2061));
#2053=FILL_AREA_STYLE('',(#2062));
#2054=FILL_AREA_STYLE('',(#2063));
#2055=FILL_AREA_STYLE('',(#2064));
#2056=FILL_AREA_STYLE_COLOUR('',#2065);
#2057=FILL_AREA_STYLE_COLOUR('',#2066);
#2058=FILL_AREA_STYLE_COLOUR('',#2067);
#2059=FILL_AREA_STYLE_COLOUR('',#2065);
#2060=FILL_AREA_STYLE_COLOUR('',#2068);
#2061=FILL_AREA_STYLE_COLOUR('',#2069);
#2062=FILL_AREA_STYLE_COLOUR('',#2070);
#2063=FILL_AREA_STYLE_COLOUR('',#2071);
#2064=FILL_AREA_STYLE_COLOUR('',#2072);
#2065=COLOUR_RGB('',0.615686274509804,0.811764705882353,0.929411764705882);
#2066=COLOUR_RGB('',0.498039215686275,0.498039215686275,0.498039215686275);
#2067=COLOUR_RGB('',0.917647058823529,0.917647058823529,0.917647058823529);
#2068=COLOUR_RGB('',0.980392156862745,0.713725490196078,0.00392156862745098);
#2069=COLOUR_RGB('',0.647058823529412,0.647058823529412,0.647058823529412);
#2070=COLOUR_RGB('',0.972549019607843,0.529411764705882,0.00392156862745098);
#2071=COLOUR_RGB('',0.768627450980392,0.886274509803922,0.952941176470588);
#2072=COLOUR_RGB('',0.231372549019608,0.380392156862745,0.705882352941177);
#2073=MANIFOLD_SOLID_BREP('IMU',#1993);
#2074=MANIFOLD_SOLID_BREP('Battery',#1994);
#2075=MANIFOLD_SOLID_BREP('Battery Cover',#1995);
#2076=MANIFOLD_SOLID_BREP('Front Housing',#1996);
#2077=MANIFOLD_SOLID_BREP('GPS',#1997);
#2078=MANIFOLD_SOLID_BREP('PCB Tray',#1998);
#2079=MANIFOLD_SOLID_BREP('LCD',#1999);
#2080=MANIFOLD_SOLID_BREP('ESP32',#2000);
#2081=MANIFOLD_SOLID_BREP('LCD Bezel',#2001);
#2082=SHAPE_DEFINITION_REPRESENTATION(#3479,#2091);
#2083=SHAPE_DEFINITION_REPRESENTATION(#3480,#2092);
#2084=SHAPE_DEFINITION_REPRESENTATION(#3481,#2093);
#2085=SHAPE_DEFINITION_REPRESENTATION(#3482,#2094);
#2086=SHAPE_DEFINITION_REPRESENTATION(#3483,#2095);
#2087=SHAPE_DEFINITION_REPRESENTATION(#3484,#2096);
#2088=SHAPE_DEFINITION_REPRESENTATION(#3485,#2097);
#2089=SHAPE_DEFINITION_REPRESENTATION(#3486,#2098);
#2090=SHAPE_DEFINITION_REPRESENTATION(#3487,#2099);
#2091=SHAPE_REPRESENTATION('IMU',(#2100),#3434);
#2092=SHAPE_REPRESENTATION('Battery',(#2107),#3435);
#2093=SHAPE_REPRESENTATION('Battery Cover',(#2114),#3436);
#2094=SHAPE_REPRESENTATION('Front Housing',(#2127),#3437);
#2095=SHAPE_REPRESENTATION('GPS',(#2207),#3438);
#2096=SHAPE_REPRESENTATION('PCB Tray',(#2214),#3439);
#2097=SHAPE_REPRESENTATION('LCD',(#2270),#3440);
#2098=SHAPE_REPRESENTATION('ESP32',(#2277),#3441);
#2099=SHAPE_REPRESENTATION('LCD Bezel',(#2284),#3442);
#2100=AXIS2_PLACEMENT_3D('',#2867,#2295,#2296);
#2101=AXIS2_PLACEMENT_3D('',#2868,#2297,#2298);
#2102=AXIS2_PLACEMENT_3D('',#2877,#2303,#2304);
#2103=AXIS2_PLACEMENT_3D('',#2883,#2308,#2309);
#2104=AXIS2_PLACEMENT_3D('',#2889,#2313,#2314);
#2105=AXIS2_PLACEMENT_3D('',#2892,#2317,#2318);
#2106=AXIS2_PLACEMENT_3D('',#2893,#2319,#2320);
#2107=AXIS2_PLACEMENT_3D('',#2894,#2321,#2322);
#2108=AXIS2_PLACEMENT_3D('',#2895,#2323,#2324);
#2109=AXIS2_PLACEMENT_3D('',#2904,#2329,#2330);
#2110=AXIS2_PLACEMENT_3D('',#2910,#2334,#2335);
#2111=AXIS2_PLACEMENT_3D('',#2916,#2339,#2340);
#2112=AXIS2_PLACEMENT_3D('',#2919,#2343,#2344);
#2113=AXIS2_PLACEMENT_3D('',#2920,#2345,#2346);
#2114=AXIS2_PLACEMENT_3D('',#2921,#2347,#2348);
#2115=AXIS2_PLACEMENT_3D('',#2922,#2349,#2350);
#2116=AXIS2_PLACEMENT_3D('',#2931,#2355,#2356);
#2117=AXIS2_PLACEMENT_3D('',#2937,#2360,#2361);
#2118=AXIS2_PLACEMENT_3D('',#2943,#2365,#2366);
#2119=AXIS2_PLACEMENT_3D('',#2946,#2369,#2370);
#2120=AXIS2_PLACEMENT_3D('',#2947,#2371,#2372);
#2121=AXIS2_PLACEMENT_3D('',#2949,#2373,#2374);
#2122=AXIS2_PLACEMENT_3D('',#2951,#2375,#2376);
#2123=AXIS2_PLACEMENT_3D('',#2952,#2377,#2378);
#2124=AXIS2_PLACEMENT_3D('',#2954,#2379,#2380);
#2125=AXIS2_PLACEMENT_3D('',#2956,#2381,#2382);
#2126=AXIS2_PLACEMENT_3D('',#2957,#2383,#2384);
#2127=AXIS2_PLACEMENT_3D('',#2958,#2385,#2386);
#2128=AXIS2_PLACEMENT_3D('',#2959,#2387,#2388);
#2129=AXIS2_PLACEMENT_3D('',#2960,#2389,#2390);
#2130=AXIS2_PLACEMENT_3D('',#2962,#2391,#2392);
#2131=AXIS2_PLACEMENT_3D('',#2964,#2393,#2394);
#2132=AXIS2_PLACEMENT_3D('',#2966,#2395,#2396);
#2133=AXIS2_PLACEMENT_3D('',#2968,#2397,#2398);
#2134=AXIS2_PLACEMENT_3D('',#2970,#2399,#2400);
#2135=AXIS2_PLACEMENT_3D('',#2972,#2401,#2402);
#2136=AXIS2_PLACEMENT_3D('',#2974,#2403,#2404);
#2137=AXIS2_PLACEMENT_3D('',#2979,#2406,#2407);
#2138=AXIS2_PLACEMENT_3D('',#2983,#2409,#2410);
#2139=AXIS2_PLACEMENT_3D('',#2987,#2412,#2413);
#2140=AXIS2_PLACEMENT_3D('',#2991,#2415,#2416);
#2141=AXIS2_PLACEMENT_3D('',#3000,#2421,#2422);
#2142=AXIS2_PLACEMENT_3D('',#3001,#2423,#2424);
#2143=AXIS2_PLACEMENT_3D('',#3003,#2425,#2426);
#2144=AXIS2_PLACEMENT_3D('',#3005,#2427,#2428);
#2145=AXIS2_PLACEMENT_3D('',#3007,#2429,#2430);
#2146=AXIS2_PLACEMENT_3D('',#3009,#2431,#2432);
#2147=AXIS2_PLACEMENT_3D('',#3011,#2433,#2434);
#2148=AXIS2_PLACEMENT_3D('',#3013,#2435,#2436);
#2149=AXIS2_PLACEMENT_3D('',#3015,#2437,#2438);
#2150=AXIS2_PLACEMENT_3D('',#3020,#2440,#2441);
#2151=AXIS2_PLACEMENT_3D('',#3024,#2443,#2444);
#2152=AXIS2_PLACEMENT_3D('',#3028,#2446,#2447);
#2153=AXIS2_PLACEMENT_3D('',#3032,#2449,#2450);
#2154=AXIS2_PLACEMENT_3D('',#3041,#2455,#2456);
#2155=AXIS2_PLACEMENT_3D('',#3045,#2458,#2459);
#2156=AXIS2_PLACEMENT_3D('',#3049,#2461,#2462);
#2157=AXIS2_PLACEMENT_3D('',#3053,#2464,#2465);
#2158=AXIS2_PLACEMENT_3D('',#3057,#2467,#2468);
#2159=AXIS2_PLACEMENT_3D('',#3058,#2469,#2470);
#2160=AXIS2_PLACEMENT_3D('',#3063,#2472,#2473);
#2161=AXIS2_PLACEMENT_3D('',#3067,#2475,#2476);
#2162=AXIS2_PLACEMENT_3D('',#3071,#2478,#2479);
#2163=AXIS2_PLACEMENT_3D('',#3074,#2481,#2482);
#2164=AXIS2_PLACEMENT_3D('',#3077,#2485,#2486);
#2165=AXIS2_PLACEMENT_3D('',#3080,#2489,#2490);
#2166=AXIS2_PLACEMENT_3D('',#3083,#2493,#2494);
#2167=AXIS2_PLACEMENT_3D('',#3086,#2497,#2498);
#2168=AXIS2_PLACEMENT_3D('',#3087,#2499,#2500);
#2169=AXIS2_PLACEMENT_3D('',#3088,#2501,#2502);
#2170=AXIS2_PLACEMENT_3D('',#3089,#2503,#2504);
#2171=AXIS2_PLACEMENT_3D('',#3090,#2505,#2506);
#2172=AXIS2_PLACEMENT_3D('',#3093,#2509,#2510);
#2173=AXIS2_PLACEMENT_3D('',#3096,#2513,#2514);
#2174=AXIS2_PLACEMENT_3D('',#3099,#2517,#2518);
#2175=AXIS2_PLACEMENT_3D('',#3102,#2521,#2522);
#2176=AXIS2_PLACEMENT_3D('',#3103,#2523,#2524);
#2177=AXIS2_PLACEMENT_3D('',#3104,#2525,#2526);
#2178=AXIS2_PLACEMENT_3D('',#3105,#2527,#2528);
#2179=AXIS2_PLACEMENT_3D('',#3106,#2529,#2530);
#2180=AXIS2_PLACEMENT_3D('',#3109,#2533,#2534);
#2181=AXIS2_PLACEMENT_3D('',#3111,#2536,#2537);
#2182=AXIS2_PLACEMENT_3D('',#3113,#2539,#2540);
#2183=AXIS2_PLACEMENT_3D('',#3114,#2541,#2542);
#2184=AXIS2_PLACEMENT_3D('',#3115,#2543,#2544);
#2185=AXIS2_PLACEMENT_3D('',#3116,#2545,#2546);
#2186=AXIS2_PLACEMENT_3D('',#3117,#2547,#2548);
#2187=AXIS2_PLACEMENT_3D('',#3118,#2549,#2550);
#2188=AXIS2_PLACEMENT_3D('',#3119,#2551,#2552);
#2189=AXIS2_PLACEMENT_3D('',#3121,#2553,#2554);
#2190=AXIS2_PLACEMENT_3D('',#3122,#2555,#2556);
#2191=AXIS2_PLACEMENT_3D('',#3124,#2557,#2558);
#2192=AXIS2_PLACEMENT_3D('',#3125,#2559,#2560);
#2193=AXIS2_PLACEMENT_3D('',#3127,#2561,#2562);
#2194=AXIS2_PLACEMENT_3D('',#3128,#2563,#2564);
#2195=AXIS2_PLACEMENT_3D('',#3130,#2565,#2566);
#2196=AXIS2_PLACEMENT_3D('',#3131,#2567,#2568);
#2197=AXIS2_PLACEMENT_3D('',#3133,#2569,#2570);
#2198=AXIS2_PLACEMENT_3D('',#3134,#2571,#2572);
#2199=AXIS2_PLACEMENT_3D('',#3136,#2573,#2574);
#2200=AXIS2_PLACEMENT_3D('',#3137,#2575,#2576);
#2201=AXIS2_PLACEMENT_3D('',#3139,#2577,#2578);
#2202=AXIS2_PLACEMENT_3D('',#3140,#2579,#2580);
#2203=AXIS2_PLACEMENT_3D('',#3142,#2581,#2582);
#2204=AXIS2_PLACEMENT_3D('',#3143,#2583,#2584);
#2205=AXIS2_PLACEMENT_3D('',#3144,#2585,#2586);
#2206=AXIS2_PLACEMENT_3D('',#3145,#2587,#2588);
#2207=AXIS2_PLACEMENT_3D('',#3146,#2589,#2590);
#2208=AXIS2_PLACEMENT_3D('',#3147,#2591,#2592);
#2209=AXIS2_PLACEMENT_3D('',#3156,#2597,#2598);
#2210=AXIS2_PLACEMENT_3D('',#3162,#2602,#2603);
#2211=AXIS2_PLACEMENT_3D('',#3168,#2607,#2608);
#2212=AXIS2_PLACEMENT_3D('',#3171,#2611,#2612);
#2213=AXIS2_PLACEMENT_3D('',#3172,#2613,#2614);
#2214=AXIS2_PLACEMENT_3D('',#3173,#2615,#2616);
#2215=AXIS2_PLACEMENT_3D('',#3174,#2617,#2618);
#2216=AXIS2_PLACEMENT_3D('',#3175,#2619,#2620);
#2217=AXIS2_PLACEMENT_3D('',#3178,#2621,#2622);
#2218=AXIS2_PLACEMENT_3D('',#3179,#2623,#2624);
#2219=AXIS2_PLACEMENT_3D('',#3181,#2625,#2626);
#2220=AXIS2_PLACEMENT_3D('',#3183,#2627,#2628);
#2221=AXIS2_PLACEMENT_3D('',#3188,#2630,#2631);
#2222=AXIS2_PLACEMENT_3D('',#3192,#2633,#2634);
#2223=AXIS2_PLACEMENT_3D('',#3196,#2636,#2637);
#2224=AXIS2_PLACEMENT_3D('',#3200,#2639,#2640);
#2225=AXIS2_PLACEMENT_3D('',#3217,#2649,#2650);
#2226=AXIS2_PLACEMENT_3D('',#3226,#2655,#2656);
#2227=AXIS2_PLACEMENT_3D('',#3228,#2657,#2658);
#2228=AXIS2_PLACEMENT_3D('',#3230,#2659,#2660);
#2229=AXIS2_PLACEMENT_3D('',#3232,#2661,#2662);
#2230=AXIS2_PLACEMENT_3D('',#3237,#2664,#2665);
#2231=AXIS2_PLACEMENT_3D('',#3241,#2667,#2668);
#2232=AXIS2_PLACEMENT_3D('',#3245,#2670,#2671);
#2233=AXIS2_PLACEMENT_3D('',#3249,#2673,#2674);
#2234=AXIS2_PLACEMENT_3D('',#3258,#2679,#2680);
#2235=AXIS2_PLACEMENT_3D('',#3261,#2683,#2684);
#2236=AXIS2_PLACEMENT_3D('',#3264,#2687,#2688);
#2237=AXIS2_PLACEMENT_3D('',#3267,#2691,#2692);
#2238=AXIS2_PLACEMENT_3D('',#3270,#2695,#2696);
#2239=AXIS2_PLACEMENT_3D('',#3271,#2697,#2698);
#2240=AXIS2_PLACEMENT_3D('',#3273,#2699,#2700);
#2241=AXIS2_PLACEMENT_3D('',#3274,#2701,#2702);
#2242=AXIS2_PLACEMENT_3D('',#3276,#2703,#2704);
#2243=AXIS2_PLACEMENT_3D('',#3279,#2706,#2707);
#2244=AXIS2_PLACEMENT_3D('',#3282,#2709,#2710);
#2245=AXIS2_PLACEMENT_3D('',#3283,#2711,#2712);
#2246=AXIS2_PLACEMENT_3D('',#3284,#2713,#2714);
#2247=AXIS2_PLACEMENT_3D('',#3285,#2715,#2716);
#2248=AXIS2_PLACEMENT_3D('',#3287,#2717,#2718);
#2249=AXIS2_PLACEMENT_3D('',#3288,#2719,#2720);
#2250=AXIS2_PLACEMENT_3D('',#3290,#2721,#2722);
#2251=AXIS2_PLACEMENT_3D('',#3291,#2723,#2724);
#2252=AXIS2_PLACEMENT_3D('',#3293,#2725,#2726);
#2253=AXIS2_PLACEMENT_3D('',#3294,#2727,#2728);
#2254=AXIS2_PLACEMENT_3D('',#3296,#2729,#2730);
#2255=AXIS2_PLACEMENT_3D('',#3297,#2731,#2732);
#2256=AXIS2_PLACEMENT_3D('',#3298,#2733,#2734);
#2257=AXIS2_PLACEMENT_3D('',#3299,#2735,#2736);
#2258=AXIS2_PLACEMENT_3D('',#3300,#2737,#2738);
#2259=AXIS2_PLACEMENT_3D('',#3303,#2741,#2742);
#2260=AXIS2_PLACEMENT_3D('',#3305,#2744,#2745);
#2261=AXIS2_PLACEMENT_3D('',#3307,#2747,#2748);
#2262=AXIS2_PLACEMENT_3D('',#3308,#2749,#2750);
#2263=AXIS2_PLACEMENT_3D('',#3311,#2753,#2754);
#2264=AXIS2_PLACEMENT_3D('',#3313,#2756,#2757);
#2265=AXIS2_PLACEMENT_3D('',#3315,#2759,#2760);
#2266=AXIS2_PLACEMENT_3D('',#3316,#2761,#2762);
#2267=AXIS2_PLACEMENT_3D('',#3317,#2763,#2764);
#2268=AXIS2_PLACEMENT_3D('',#3318,#2765,#2766);
#2269=AXIS2_PLACEMENT_3D('',#3319,#2767,#2768);
#2270=AXIS2_PLACEMENT_3D('',#3320,#2769,#2770);
#2271=AXIS2_PLACEMENT_3D('',#3321,#2771,#2772);
#2272=AXIS2_PLACEMENT_3D('',#3330,#2777,#2778);
#2273=AXIS2_PLACEMENT_3D('',#3336,#2782,#2783);
#2274=AXIS2_PLACEMENT_3D('',#3342,#2787,#2788);
#2275=AXIS2_PLACEMENT_3D('',#3345,#2791,#2792);
#2276=AXIS2_PLACEMENT_3D('',#3346,#2793,#2794);
#2277=AXIS2_PLACEMENT_3D('',#3347,#2795,#2796);
#2278=AXIS2_PLACEMENT_3D('',#3348,#2797,#2798);
#2279=AXIS2_PLACEMENT_3D('',#3357,#2803,#2804);
#2280=AXIS2_PLACEMENT_3D('',#3363,#2808,#2809);
#2281=AXIS2_PLACEMENT_3D('',#3369,#2813,#2814);
#2282=AXIS2_PLACEMENT_3D('',#3372,#2817,#2818);
#2283=AXIS2_PLACEMENT_3D('',#3373,#2819,#2820);
#2284=AXIS2_PLACEMENT_3D('',#3374,#2821,#2822);
#2285=AXIS2_PLACEMENT_3D('',#3375,#2823,#2824);
#2286=AXIS2_PLACEMENT_3D('',#3384,#2829,#2830);
#2287=AXIS2_PLACEMENT_3D('',#3390,#2834,#2835);
#2288=AXIS2_PLACEMENT_3D('',#3396,#2839,#2840);
#2289=AXIS2_PLACEMENT_3D('',#3405,#2845,#2846);
#2290=AXIS2_PLACEMENT_3D('',#3411,#2850,#2851);
#2291=AXIS2_PLACEMENT_3D('',#3417,#2855,#2856);
#2292=AXIS2_PLACEMENT_3D('',#3420,#2859,#2860);
#2293=AXIS2_PLACEMENT_3D('',#3423,#2863,#2864);
#2294=AXIS2_PLACEMENT_3D('',#3424,#2865,#2866);
#2295=DIRECTION('',(0.,0.,1.));
#2296=DIRECTION('',(1.,0.,0.));
#2297=DIRECTION('',(0.,0.,1.));
#2298=DIRECTION('',(1.,0.,0.));
#2299=DIRECTION('',(1.,0.,0.));
#2300=DIRECTION('',(0.,1.,0.));
#2301=DIRECTION('',(1.,0.,0.));
#2302=DIRECTION('',(0.,1.,0.));
#2303=DIRECTION('',(1.,0.,0.));
#2304=DIRECTION('',(0.,0.,-1.));
#2305=DIRECTION('',(0.,0.,-1.));
#2306=DIRECTION('',(0.,1.,0.));
#2307=DIRECTION('',(0.,0.,-1.));
#2308=DIRECTION('',(0.,0.,1.));
#2309=DIRECTION('',(1.,0.,0.));
#2310=DIRECTION('',(1.,0.,0.));
#2311=DIRECTION('',(0.,1.,0.));
#2312=DIRECTION('',(1.,0.,0.));
#2313=DIRECTION('',(1.,0.,0.));
#2314=DIRECTION('',(0.,0.,-1.));
#2315=DIRECTION('',(0.,0.,-1.));
#2316=DIRECTION('',(0.,0.,-1.));
#2317=DIRECTION('',(0.,-1.,0.));
#2318=DIRECTION('',(1.,0.,0.));
#2319=DIRECTION('',(0.,-1.,0.));
#2320=DIRECTION('',(1.,0.,0.));
#2321=DIRECTION('',(0.,0.,1.));
#2322=DIRECTION('',(1.,0.,0.));
#2323=DIRECTION('',(0.,0.,1.));
#2324=DIRECTION('',(1.,0.,0.));
#2325=DIRECTION('',(1.,0.,0.));
#2326=DIRECTION('',(0.,1.,0.));
#2327=DIRECTION('',(1.,0.,0.));
#2328=DIRECTION('',(0.,1.,0.));
#2329=DIRECTION('',(1.,0.,0.));
#2330=DIRECTION('',(0.,0.,-1.));
#2331=DIRECTION('',(0.,0.,-1.));
#2332=DIRECTION('',(0.,1.,0.));
#2333=DIRECTION('',(0.,0.,-1.));
#2334=DIRECTION('',(0.,0.,1.));
#2335=DIRECTION('',(1.,0.,0.));
#2336=DIRECTION('',(1.,0.,0.));
#2337=DIRECTION('',(0.,1.,0.));
#2338=DIRECTION('',(1.,0.,0.));
#2339=DIRECTION('',(1.,0.,0.));
#2340=DIRECTION('',(0.,0.,-1.));
#2341=DIRECTION('',(0.,0.,-1.));
#2342=DIRECTION('',(0.,0.,-1.));
#2343=DIRECTION('',(0.,-1.,0.));
#2344=DIRECTION('',(1.,0.,0.));
#2345=DIRECTION('',(0.,-1.,0.));
#2346=DIRECTION('',(1.,0.,0.));
#2347=DIRECTION('',(0.,0.,1.));
#2348=DIRECTION('',(1.,0.,0.));
#2349=DIRECTION('',(-1.26161707343768E-16,0.,-1.));
#2350=DIRECTION('',(-1.,0.,1.26161707343768E-16));
#2351=DIRECTION('',(-1.,0.,1.26161707343768E-16));
#2352=DIRECTION('',(0.,1.,0.));
#2353=DIRECTION('',(-1.,0.,1.26161707343768E-16));
#2354=DIRECTION('',(0.,1.,0.));
#2355=DIRECTION('',(-1.,0.,3.96508223080413E-16));
#2356=DIRECTION('',(3.96508223080413E-16,0.,1.));
#2357=DIRECTION('',(3.96508223080413E-16,0.,1.));
#2358=DIRECTION('',(0.,1.,0.));
#2359=DIRECTION('',(3.96508223080413E-16,0.,1.));
#2360=DIRECTION('',(-1.26161707343768E-16,0.,-1.));
#2361=DIRECTION('',(-1.,0.,1.26161707343768E-16));
#2362=DIRECTION('',(-1.,0.,1.26161707343768E-16));
#2363=DIRECTION('',(0.,1.,0.));
#2364=DIRECTION('',(-1.,0.,1.26161707343768E-16));
#2365=DIRECTION('',(-1.,0.,0.));
#2366=DIRECTION('',(0.,0.,1.));
#2367=DIRECTION('',(0.,0.,1.));
#2368=DIRECTION('',(0.,0.,1.));
#2369=DIRECTION('',(0.,-1.,0.));
#2370=DIRECTION('',(1.,0.,0.));
#2371=DIRECTION('',(0.,-1.,0.));
#2372=DIRECTION('',(0.,0.,-1.));
#2373=DIRECTION('',(0.,-1.,0.));
#2374=DIRECTION('',(0.,0.,-1.));
#2375=DIRECTION('',(0.,-1.,0.));
#2376=DIRECTION('',(1.,0.,0.));
#2377=DIRECTION('',(0.,-1.,0.));
#2378=DIRECTION('',(0.,0.,-1.));
#2379=DIRECTION('',(0.,-1.,0.));
#2380=DIRECTION('',(0.,0.,-1.));
#2381=DIRECTION('',(0.,-1.,0.));
#2382=DIRECTION('',(0.,0.,-1.));
#2383=DIRECTION('',(0.,-1.,0.));
#2384=DIRECTION('',(0.,0.,-1.));
#2385=DIRECTION('',(0.,0.,1.));
#2386=DIRECTION('',(1.,0.,0.));
#2387=DIRECTION('',(0.,-1.,0.));
#2388=DIRECTION('',(1.,0.,0.));
#2389=DIRECTION('',(0.,-1.,0.));
#2390=DIRECTION('',(0.,0.,-1.));
#2391=DIRECTION('',(0.,-1.,0.));
#2392=DIRECTION('',(0.,0.,-1.));
#2393=DIRECTION('',(0.,-1.,0.));
#2394=DIRECTION('',(0.,0.,-1.));
#2395=DIRECTION('',(0.,-1.,0.));
#2396=DIRECTION('',(0.,0.,-1.));
#2397=DIRECTION('',(0.,-1.,0.));
#2398=DIRECTION('',(0.,0.,-1.));
#2399=DIRECTION('',(0.,-1.,0.));
#2400=DIRECTION('',(0.,0.,-1.));
#2401=DIRECTION('',(0.,-1.,0.));
#2402=DIRECTION('',(0.,0.,-1.));
#2403=DIRECTION('',(0.,-1.,0.));
#2404=DIRECTION('',(0.,0.,-1.));
#2405=DIRECTION('',(1.,0.,0.));
#2406=DIRECTION('',(0.,-1.,0.));
#2407=DIRECTION('',(0.,0.,-1.));
#2408=DIRECTION('',(-1.7347234759768E-16,0.,-1.));
#2409=DIRECTION('',(0.,-1.,0.));
#2410=DIRECTION('',(0.,0.,-1.));
#2411=DIRECTION('',(1.,0.,0.));
#2412=DIRECTION('',(0.,-1.,0.));
#2413=DIRECTION('',(0.,0.,-1.));
#2414=DIRECTION('',(-1.7347234759768E-16,0.,-1.));
#2415=DIRECTION('',(0.,-1.,0.));
#2416=DIRECTION('',(0.,0.,-1.));
#2417=DIRECTION('',(-1.7347234759768E-16,0.,-1.));
#2418=DIRECTION('',(1.,0.,0.));
#2419=DIRECTION('',(-1.7347234759768E-16,0.,-1.));
#2420=DIRECTION('',(1.,0.,0.));
#2421=DIRECTION('',(0.,-1.,0.));
#2422=DIRECTION('',(1.,0.,0.));
#2423=DIRECTION('',(0.,-1.,0.));
#2424=DIRECTION('',(0.,0.,-1.));
#2425=DIRECTION('',(0.,-1.,0.));
#2426=DIRECTION('',(0.,0.,-1.));
#2427=DIRECTION('',(0.,-1.,0.));
#2428=DIRECTION('',(0.,0.,-1.));
#2429=DIRECTION('',(0.,-1.,0.));
#2430=DIRECTION('',(0.,0.,-1.));
#2431=DIRECTION('',(0.,-1.,0.));
#2432=DIRECTION('',(0.,0.,-1.));
#2433=DIRECTION('',(0.,-1.,0.));
#2434=DIRECTION('',(0.,0.,-1.));
#2435=DIRECTION('',(0.,-1.,0.));
#2436=DIRECTION('',(0.,0.,-1.));
#2437=DIRECTION('',(0.,-1.,0.));
#2438=DIRECTION('',(0.,0.,-1.));
#2439=DIRECTION('',(1.,0.,0.));
#2440=DIRECTION('',(0.,-1.,0.));
#2441=DIRECTION('',(0.,0.,-1.));
#2442=DIRECTION('',(-1.7347234759768E-16,0.,-1.));
#2443=DIRECTION('',(0.,-1.,0.));
#2444=DIRECTION('',(0.,0.,-1.));
#2445=DIRECTION('',(1.,0.,0.));
#2446=DIRECTION('',(0.,-1.,0.));
#2447=DIRECTION('',(0.,0.,-1.));
#2448=DIRECTION('',(-1.7347234759768E-16,0.,-1.));
#2449=DIRECTION('',(0.,-1.,0.));
#2450=DIRECTION('',(0.,0.,-1.));
#2451=DIRECTION('',(1.,0.,0.));
#2452=DIRECTION('',(-1.7347234759768E-16,0.,-1.));
#2453=DIRECTION('',(1.,0.,0.));
#2454=DIRECTION('',(-1.7347234759768E-16,0.,-1.));
#2455=DIRECTION('',(0.,-1.,0.));
#2456=DIRECTION('',(1.,0.,0.));
#2457=DIRECTION('',(-1.7347234759768E-16,0.,-1.));
#2458=DIRECTION('',(0.,-1.,0.));
#2459=DIRECTION('',(0.,0.,-1.));
#2460=DIRECTION('',(1.,0.,0.));
#2461=DIRECTION('',(0.,-1.,0.));
#2462=DIRECTION('',(0.,0.,-1.));
#2463=DIRECTION('',(-1.7347234759768E-16,0.,-1.));
#2464=DIRECTION('',(0.,-1.,0.));
#2465=DIRECTION('',(0.,0.,-1.));
#2466=DIRECTION('',(1.,0.,0.));
#2467=DIRECTION('',(0.,-1.,0.));
#2468=DIRECTION('',(0.,0.,-1.));
#2469=DIRECTION('',(0.,-1.,0.));
#2470=DIRECTION('',(0.,0.,-1.));
#2471=DIRECTION('',(-1.7347234759768E-16,0.,-1.));
#2472=DIRECTION('',(0.,-1.,0.));
#2473=DIRECTION('',(0.,0.,-1.));
#2474=DIRECTION('',(1.,0.,0.));
#2475=DIRECTION('',(0.,-1.,0.));
#2476=DIRECTION('',(0.,0.,-1.));
#2477=DIRECTION('',(-1.7347234759768E-16,0.,-1.));
#2478=DIRECTION('',(0.,-1.,0.));
#2479=DIRECTION('',(0.,0.,-1.));
#2480=DIRECTION('',(1.,0.,0.));
#2481=DIRECTION('',(0.,0.,1.));
#2482=DIRECTION('',(1.,0.,0.));
#2483=DIRECTION('',(0.,1.,0.));
#2484=DIRECTION('',(0.,1.,0.));
#2485=DIRECTION('',(1.,0.,-1.7347234759768E-16));
#2486=DIRECTION('',(-1.7347234759768E-16,0.,-1.));
#2487=DIRECTION('',(0.,1.,0.));
#2488=DIRECTION('',(0.,1.,0.));
#2489=DIRECTION('',(0.,0.,1.));
#2490=DIRECTION('',(1.,0.,0.));
#2491=DIRECTION('',(0.,1.,0.));
#2492=DIRECTION('',(0.,1.,0.));
#2493=DIRECTION('',(1.,0.,-1.7347234759768E-16));
#2494=DIRECTION('',(-1.7347234759768E-16,0.,-1.));
#2495=DIRECTION('',(0.,1.,0.));
#2496=DIRECTION('',(0.,1.,0.));
#2497=DIRECTION('',(0.,-1.,0.));
#2498=DIRECTION('',(0.,0.,-1.));
#2499=DIRECTION('',(0.,1.,0.));
#2500=DIRECTION('',(0.,0.,1.));
#2501=DIRECTION('',(0.,-1.,0.));
#2502=DIRECTION('',(0.,0.,-1.));
#2503=DIRECTION('',(0.,1.,0.));
#2504=DIRECTION('',(0.,0.,1.));
#2505=DIRECTION('',(0.,0.,1.));
#2506=DIRECTION('',(1.,0.,0.));
#2507=DIRECTION('',(0.,1.,0.));
#2508=DIRECTION('',(0.,1.,0.));
#2509=DIRECTION('',(1.,0.,-1.7347234759768E-16));
#2510=DIRECTION('',(-1.7347234759768E-16,0.,-1.));
#2511=DIRECTION('',(0.,1.,0.));
#2512=DIRECTION('',(0.,1.,0.));
#2513=DIRECTION('',(0.,0.,1.));
#2514=DIRECTION('',(1.,0.,0.));
#2515=DIRECTION('',(0.,1.,0.));
#2516=DIRECTION('',(0.,1.,0.));
#2517=DIRECTION('',(1.,0.,-1.7347234759768E-16));
#2518=DIRECTION('',(-1.7347234759768E-16,0.,-1.));
#2519=DIRECTION('',(0.,1.,0.));
#2520=DIRECTION('',(0.,1.,0.));
#2521=DIRECTION('',(0.,-1.,0.));
#2522=DIRECTION('',(0.,0.,-1.));
#2523=DIRECTION('',(0.,1.,0.));
#2524=DIRECTION('',(0.,0.,1.));
#2525=DIRECTION('',(0.,-1.,0.));
#2526=DIRECTION('',(0.,0.,-1.));
#2527=DIRECTION('',(0.,1.,0.));
#2528=DIRECTION('',(0.,0.,1.));
#2529=DIRECTION('',(0.,0.,-1.));
#2530=DIRECTION('',(-1.,0.,0.));
#2531=DIRECTION('',(0.,-1.,0.));
#2532=DIRECTION('',(0.,-1.,0.));
#2533=DIRECTION('',(-1.,0.,1.7347234759768E-16));
#2534=DIRECTION('',(1.7347234759768E-16,0.,1.));
#2535=DIRECTION('',(0.,-1.,0.));
#2536=DIRECTION('',(0.,0.,-1.));
#2537=DIRECTION('',(-1.,0.,0.));
#2538=DIRECTION('',(0.,-1.,0.));
#2539=DIRECTION('',(-1.,0.,1.7347234759768E-16));
#2540=DIRECTION('',(1.7347234759768E-16,0.,1.));
#2541=DIRECTION('',(0.,-1.,0.));
#2542=DIRECTION('',(0.,0.,-1.));
#2543=DIRECTION('',(0.,-1.,0.));
#2544=DIRECTION('',(0.,0.,-1.));
#2545=DIRECTION('',(0.,-1.,0.));
#2546=DIRECTION('',(0.,0.,-1.));
#2547=DIRECTION('',(0.,-1.,0.));
#2548=DIRECTION('',(0.,0.,-1.));
#2549=DIRECTION('',(0.,-1.,0.));
#2550=DIRECTION('',(0.,0.,-1.));
#2551=DIRECTION('',(0.,1.,0.));
#2552=DIRECTION('',(0.,0.,1.));
#2553=DIRECTION('',(0.,1.,0.));
#2554=DIRECTION('',(-1.,0.,0.));
#2555=DIRECTION('',(0.,1.,0.));
#2556=DIRECTION('',(0.,0.,1.));
#2557=DIRECTION('',(0.,-1.,0.));
#2558=DIRECTION('',(0.,0.,-1.));
#2559=DIRECTION('',(0.,1.,0.));
#2560=DIRECTION('',(0.,0.,1.));
#2561=DIRECTION('',(0.,1.,0.));
#2562=DIRECTION('',(-1.,0.,0.));
#2563=DIRECTION('',(0.,1.,0.));
#2564=DIRECTION('',(0.,0.,1.));
#2565=DIRECTION('',(0.,-1.,0.));
#2566=DIRECTION('',(0.,0.,-1.));
#2567=DIRECTION('',(0.,1.,0.));
#2568=DIRECTION('',(0.,0.,1.));
#2569=DIRECTION('',(0.,1.,0.));
#2570=DIRECTION('',(-1.,0.,0.));
#2571=DIRECTION('',(0.,1.,0.));
#2572=DIRECTION('',(0.,0.,1.));
#2573=DIRECTION('',(0.,-1.,0.));
#2574=DIRECTION('',(0.,0.,-1.));
#2575=DIRECTION('',(0.,1.,0.));
#2576=DIRECTION('',(0.,0.,1.));
#2577=DIRECTION('',(0.,1.,0.));
#2578=DIRECTION('',(-1.,0.,0.));
#2579=DIRECTION('',(0.,1.,0.));
#2580=DIRECTION('',(0.,0.,1.));
#2581=DIRECTION('',(0.,1.,0.));
#2582=DIRECTION('',(0.,0.,1.));
#2583=DIRECTION('',(0.,1.,0.));
#2584=DIRECTION('',(0.,0.,1.));
#2585=DIRECTION('',(0.,1.,0.));
#2586=DIRECTION('',(0.,0.,1.));
#2587=DIRECTION('',(0.,1.,0.));
#2588=DIRECTION('',(0.,0.,1.));
#2589=DIRECTION('',(0.,0.,1.));
#2590=DIRECTION('',(1.,0.,0.));
#2591=DIRECTION('',(0.,0.,1.));
#2592=DIRECTION('',(1.,0.,0.));
#2593=DIRECTION('',(1.,0.,0.));
#2594=DIRECTION('',(0.,1.,0.));
#2595=DIRECTION('',(1.,0.,0.));
#2596=DIRECTION('',(0.,1.,0.));
#2597=DIRECTION('',(1.,0.,0.));
#2598=DIRECTION('',(0.,0.,-1.));
#2599=DIRECTION('',(0.,0.,-1.));
#2600=DIRECTION('',(0.,1.,0.));
#2601=DIRECTION('',(0.,0.,-1.));
#2602=DIRECTION('',(0.,0.,1.));
#2603=DIRECTION('',(1.,0.,0.));
#2604=DIRECTION('',(1.,0.,0.));
#2605=DIRECTION('',(0.,1.,0.));
#2606=DIRECTION('',(1.,0.,0.));
#2607=DIRECTION('',(1.,0.,0.));
#2608=DIRECTION('',(0.,0.,-1.));
#2609=DIRECTION('',(0.,0.,-1.));
#2610=DIRECTION('',(0.,0.,-1.));
#2611=DIRECTION('',(0.,-1.,0.));
#2612=DIRECTION('',(1.,0.,0.));
#2613=DIRECTION('',(0.,-1.,0.));
#2614=DIRECTION('',(1.,0.,0.));
#2615=DIRECTION('',(0.,0.,1.));
#2616=DIRECTION('',(1.,0.,0.));
#2617=DIRECTION('',(0.,-1.,0.));
#2618=DIRECTION('',(1.,0.,0.));
#2619=DIRECTION('',(0.,-1.,0.));
#2620=DIRECTION('',(0.,0.,-1.));
#2621=DIRECTION('',(0.,-1.,0.));
#2622=DIRECTION('',(0.,0.,-1.));
#2623=DIRECTION('',(0.,-1.,0.));
#2624=DIRECTION('',(0.,0.,-1.));
#2625=DIRECTION('',(0.,-1.,0.));
#2626=DIRECTION('',(0.,0.,-1.));
#2627=DIRECTION('',(0.,-1.,0.));
#2628=DIRECTION('',(0.,0.,-1.));
#2629=DIRECTION('',(-1.,0.,0.));
#2630=DIRECTION('',(0.,-1.,0.));
#2631=DIRECTION('',(0.,0.,-1.));
#2632=DIRECTION('',(1.82602471155453E-16,0.,1.));
#2633=DIRECTION('',(0.,-1.,0.));
#2634=DIRECTION('',(0.,0.,-1.));
#2635=DIRECTION('',(-1.,0.,0.));
#2636=DIRECTION('',(0.,-1.,0.));
#2637=DIRECTION('',(0.,0.,-1.));
#2638=DIRECTION('',(1.82602471155453E-16,0.,1.));
#2639=DIRECTION('',(0.,-1.,0.));
#2640=DIRECTION('',(0.,0.,-1.));
#2641=DIRECTION('',(0.,0.,-1.));
#2642=DIRECTION('',(1.,0.,0.));
#2643=DIRECTION('',(0.,0.,-1.));
#2644=DIRECTION('',(1.,0.,0.));
#2645=DIRECTION('',(0.,0.,-1.));
#2646=DIRECTION('',(1.,0.,0.));
#2647=DIRECTION('',(1.7347234759768E-16,0.,-1.));
#2648=DIRECTION('',(1.,0.,0.));
#2649=DIRECTION('',(0.,-1.,0.));
#2650=DIRECTION('',(1.,0.,0.));
#2651=DIRECTION('',(1.,0.,0.));
#2652=DIRECTION('',(0.,0.,-1.));
#2653=DIRECTION('',(1.,0.,0.));
#2654=DIRECTION('',(0.,0.,-1.));
#2655=DIRECTION('',(0.,-1.,0.));
#2656=DIRECTION('',(0.,0.,-1.));
#2657=DIRECTION('',(0.,-1.,0.));
#2658=DIRECTION('',(0.,0.,-1.));
#2659=DIRECTION('',(0.,-1.,0.));
#2660=DIRECTION('',(0.,0.,-1.));
#2661=DIRECTION('',(0.,-1.,0.));
#2662=DIRECTION('',(0.,0.,-1.));
#2663=DIRECTION('',(1.82602471155453E-16,0.,1.));
#2664=DIRECTION('',(0.,-1.,0.));
#2665=DIRECTION('',(0.,0.,-1.));
#2666=DIRECTION('',(-1.,0.,0.));
#2667=DIRECTION('',(0.,-1.,0.));
#2668=DIRECTION('',(0.,0.,-1.));
#2669=DIRECTION('',(1.82602471155453E-16,0.,1.));
#2670=DIRECTION('',(0.,-1.,0.));
#2671=DIRECTION('',(0.,0.,-1.));
#2672=DIRECTION('',(-1.,0.,0.));
#2673=DIRECTION('',(0.,-1.,0.));
#2674=DIRECTION('',(0.,0.,-1.));
#2675=DIRECTION('',(1.,0.,0.));
#2676=DIRECTION('',(0.,0.,-1.));
#2677=DIRECTION('',(1.,0.,0.));
#2678=DIRECTION('',(1.7347234759768E-16,0.,-1.));
#2679=DIRECTION('',(0.,0.,-1.));
#2680=DIRECTION('',(-1.,0.,0.));
#2681=DIRECTION('',(0.,1.,0.));
#2682=DIRECTION('',(0.,1.,0.));
#2683=DIRECTION('',(-1.,0.,1.82602471155453E-16));
#2684=DIRECTION('',(1.82602471155453E-16,0.,1.));
#2685=DIRECTION('',(0.,1.,0.));
#2686=DIRECTION('',(0.,1.,0.));
#2687=DIRECTION('',(0.,0.,-1.));
#2688=DIRECTION('',(-1.,0.,0.));
#2689=DIRECTION('',(0.,1.,0.));
#2690=DIRECTION('',(0.,1.,0.));
#2691=DIRECTION('',(-1.,0.,1.82602471155453E-16));
#2692=DIRECTION('',(1.82602471155453E-16,0.,1.));
#2693=DIRECTION('',(0.,1.,0.));
#2694=DIRECTION('',(0.,1.,0.));
#2695=DIRECTION('',(0.,1.,0.));
#2696=DIRECTION('',(0.,0.,1.));
#2697=DIRECTION('',(0.,-1.,0.));
#2698=DIRECTION('',(0.,0.,-1.));
#2699=DIRECTION('',(0.,-1.,0.));
#2700=DIRECTION('',(1.,0.,0.));
#2701=DIRECTION('',(0.,-1.,0.));
#2702=DIRECTION('',(0.,0.,-1.));
#2703=DIRECTION('',(0.,1.,0.));
#2704=DIRECTION('',(0.,0.,1.));
#2705=DIRECTION('',(0.,-1.,0.));
#2706=DIRECTION('',(0.,-1.,0.));
#2707=DIRECTION('',(0.,0.,-1.));
#2708=DIRECTION('',(0.,-1.,0.));
#2709=DIRECTION('',(0.,-1.,0.));
#2710=DIRECTION('',(1.,0.,0.));
#2711=DIRECTION('',(0.,-1.,0.));
#2712=DIRECTION('',(0.,0.,-1.));
#2713=DIRECTION('',(0.,1.,0.));
#2714=DIRECTION('',(0.,0.,1.));
#2715=DIRECTION('',(0.,-1.,0.));
#2716=DIRECTION('',(0.,0.,-1.));
#2717=DIRECTION('',(0.,-1.,0.));
#2718=DIRECTION('',(1.,0.,0.));
#2719=DIRECTION('',(0.,-1.,0.));
#2720=DIRECTION('',(0.,0.,-1.));
#2721=DIRECTION('',(0.,1.,0.));
#2722=DIRECTION('',(0.,0.,1.));
#2723=DIRECTION('',(0.,-1.,0.));
#2724=DIRECTION('',(0.,0.,-1.));
#2725=DIRECTION('',(0.,-1.,0.));
#2726=DIRECTION('',(1.,0.,0.));
#2727=DIRECTION('',(0.,-1.,0.));
#2728=DIRECTION('',(0.,0.,-1.));
#2729=DIRECTION('',(0.,-1.,0.));
#2730=DIRECTION('',(0.,0.,-1.));
#2731=DIRECTION('',(0.,-1.,0.));
#2732=DIRECTION('',(0.,0.,-1.));
#2733=DIRECTION('',(0.,-1.,0.));
#2734=DIRECTION('',(0.,0.,-1.));
#2735=DIRECTION('',(0.,-1.,0.));
#2736=DIRECTION('',(0.,0.,-1.));
#2737=DIRECTION('',(0.,0.,-1.));
#2738=DIRECTION('',(-1.,0.,0.));
#2739=DIRECTION('',(0.,-1.,0.));
#2740=DIRECTION('',(0.,-1.,0.));
#2741=DIRECTION('',(-1.,0.,0.));
#2742=DIRECTION('',(0.,0.,1.));
#2743=DIRECTION('',(0.,-1.,0.));
#2744=DIRECTION('',(0.,0.,-1.));
#2745=DIRECTION('',(-1.,0.,0.));
#2746=DIRECTION('',(0.,-1.,0.));
#2747=DIRECTION('',(-1.,0.,0.));
#2748=DIRECTION('',(0.,0.,1.));
#2749=DIRECTION('',(0.,0.,-1.));
#2750=DIRECTION('',(-1.,0.,0.));
#2751=DIRECTION('',(0.,-1.,0.));
#2752=DIRECTION('',(0.,-1.,0.));
#2753=DIRECTION('',(-1.,0.,0.));
#2754=DIRECTION('',(0.,0.,1.));
#2755=DIRECTION('',(0.,-1.,0.));
#2756=DIRECTION('',(0.,0.,-1.));
#2757=DIRECTION('',(-1.,0.,0.));
#2758=DIRECTION('',(0.,-1.,0.));
#2759=DIRECTION('',(-1.,0.,-1.7347234759768E-16));
#2760=DIRECTION('',(-1.7347234759768E-16,0.,1.));
#2761=DIRECTION('',(0.,-1.,0.));
#2762=DIRECTION('',(0.,0.,-1.));
#2763=DIRECTION('',(0.,1.,0.));
#2764=DIRECTION('',(0.,0.,1.));
#2765=DIRECTION('',(0.,-1.,0.));
#2766=DIRECTION('',(0.,0.,-1.));
#2767=DIRECTION('',(0.,1.,0.));
#2768=DIRECTION('',(0.,0.,1.));
#2769=DIRECTION('',(0.,0.,1.));
#2770=DIRECTION('',(1.,0.,0.));
#2771=DIRECTION('',(1.,0.,0.));
#2772=DIRECTION('',(0.,0.,-1.));
#2773=DIRECTION('',(0.,0.,-1.));
#2774=DIRECTION('',(0.,1.,0.));
#2775=DIRECTION('',(0.,0.,-1.));
#2776=DIRECTION('',(0.,1.,0.));
#2777=DIRECTION('',(1.3010426069826E-16,0.,-1.));
#2778=DIRECTION('',(-1.,0.,-1.3010426069826E-16));
#2779=DIRECTION('',(-1.,0.,-1.3010426069826E-16));
#2780=DIRECTION('',(0.,1.,0.));
#2781=DIRECTION('',(-1.,0.,-1.3010426069826E-16));
#2782=DIRECTION('',(1.,0.,0.));
#2783=DIRECTION('',(0.,0.,-1.));
#2784=DIRECTION('',(0.,0.,-1.));
#2785=DIRECTION('',(0.,1.,0.));
#2786=DIRECTION('',(0.,0.,-1.));
#2787=DIRECTION('',(0.,0.,-1.));
#2788=DIRECTION('',(-1.,0.,0.));
#2789=DIRECTION('',(-1.,0.,0.));
#2790=DIRECTION('',(-1.,0.,0.));
#2791=DIRECTION('',(0.,-1.,0.));
#2792=DIRECTION('',(1.,0.,0.));
#2793=DIRECTION('',(0.,-1.,0.));
#2794=DIRECTION('',(1.,0.,0.));
#2795=DIRECTION('',(0.,0.,1.));
#2796=DIRECTION('',(1.,0.,0.));
#2797=DIRECTION('',(0.,0.,1.));
#2798=DIRECTION('',(1.,0.,0.));
#2799=DIRECTION('',(1.,0.,0.));
#2800=DIRECTION('',(0.,1.,0.));
#2801=DIRECTION('',(1.,0.,0.));
#2802=DIRECTION('',(0.,1.,0.));
#2803=DIRECTION('',(1.,0.,0.));
#2804=DIRECTION('',(0.,0.,-1.));
#2805=DIRECTION('',(0.,0.,-1.));
#2806=DIRECTION('',(0.,1.,0.));
#2807=DIRECTION('',(0.,0.,-1.));
#2808=DIRECTION('',(0.,0.,1.));
#2809=DIRECTION('',(1.,0.,0.));
#2810=DIRECTION('',(1.,0.,0.));
#2811=DIRECTION('',(0.,1.,0.));
#2812=DIRECTION('',(1.,0.,0.));
#2813=DIRECTION('',(1.,0.,0.));
#2814=DIRECTION('',(0.,0.,-1.));
#2815=DIRECTION('',(0.,0.,-1.));
#2816=DIRECTION('',(0.,0.,-1.));
#2817=DIRECTION('',(0.,-1.,0.));
#2818=DIRECTION('',(1.,0.,0.));
#2819=DIRECTION('',(0.,-1.,0.));
#2820=DIRECTION('',(1.,0.,0.));
#2821=DIRECTION('',(0.,0.,1.));
#2822=DIRECTION('',(1.,0.,0.));
#2823=DIRECTION('',(1.54197642309049E-16,0.,-1.));
#2824=DIRECTION('',(-1.,0.,-1.54197642309049E-16));
#2825=DIRECTION('',(-1.,0.,-1.54197642309049E-16));
#2826=DIRECTION('',(0.,1.,0.));
#2827=DIRECTION('',(-1.,0.,-1.54197642309049E-16));
#2828=DIRECTION('',(0.,1.,0.));
#2829=DIRECTION('',(-1.,0.,0.));
#2830=DIRECTION('',(0.,0.,1.));
#2831=DIRECTION('',(0.,0.,1.));
#2832=DIRECTION('',(0.,1.,0.));
#2833=DIRECTION('',(0.,0.,1.));
#2834=DIRECTION('',(0.,0.,-1.));
#2835=DIRECTION('',(-1.,0.,0.));
#2836=DIRECTION('',(-1.,0.,0.));
#2837=DIRECTION('',(0.,1.,0.));
#2838=DIRECTION('',(-1.,0.,0.));
#2839=DIRECTION('',(-1.,0.,0.));
#2840=DIRECTION('',(0.,0.,1.));
#2841=DIRECTION('',(0.,0.,1.));
#2842=DIRECTION('',(0.,1.,0.));
#2843=DIRECTION('',(0.,0.,1.));
#2844=DIRECTION('',(0.,1.,0.));
#2845=DIRECTION('',(0.,0.,-1.));
#2846=DIRECTION('',(-1.,0.,0.));
#2847=DIRECTION('',(-1.,0.,0.));
#2848=DIRECTION('',(0.,1.,0.));
#2849=DIRECTION('',(-1.,0.,0.));
#2850=DIRECTION('',(-1.,0.,0.));
#2851=DIRECTION('',(0.,0.,1.));
#2852=DIRECTION('',(0.,0.,1.));
#2853=DIRECTION('',(0.,1.,0.));
#2854=DIRECTION('',(0.,0.,1.));
#2855=DIRECTION('',(0.,0.,-1.));
#2856=DIRECTION('',(-1.,0.,0.));
#2857=DIRECTION('',(-1.,0.,0.));
#2858=DIRECTION('',(-1.,0.,0.));
#2859=DIRECTION('',(-1.,0.,0.));
#2860=DIRECTION('',(0.,0.,1.));
#2861=DIRECTION('',(0.,0.,1.));
#2862=DIRECTION('',(0.,0.,1.));
#2863=DIRECTION('',(0.,-1.,0.));
#2864=DIRECTION('',(1.,0.,0.));
#2865=DIRECTION('',(0.,-1.,0.));
#2866=DIRECTION('',(1.,0.,0.));
#2867=CARTESIAN_POINT('',(0.,0.,0.));
#2868=CARTESIAN_POINT('',(-0.035314980596304,-0.005,-0.130191699266434));
#2869=CARTESIAN_POINT('',(-0.035314980596304,0.,-0.130191699266434));
#2870=CARTESIAN_POINT('',(-0.042814980596304,0.,-0.130191699266434));
#2871=CARTESIAN_POINT('',(-0.027814980596304,0.,-0.130191699266434));
#2872=CARTESIAN_POINT('',(-0.042814980596304,-0.005,-0.130191699266434));
#2873=CARTESIAN_POINT('',(-0.042814980596304,-0.005,-0.130191699266434));
#2874=CARTESIAN_POINT('',(-0.035314980596304,-0.005,-0.130191699266434));
#2875=CARTESIAN_POINT('',(-0.027814980596304,-0.005,-0.130191699266434));
#2876=CARTESIAN_POINT('',(-0.027814980596304,-0.005,-0.130191699266434));
#2877=CARTESIAN_POINT('',(-0.042814980596304,-0.005,-0.137691699266434));
#2878=CARTESIAN_POINT('',(-0.042814980596304,0.,-0.137691699266434));
#2879=CARTESIAN_POINT('',(-0.042814980596304,0.,-0.145191699266434));
#2880=CARTESIAN_POINT('',(-0.042814980596304,-0.005,-0.145191699266434));
#2881=CARTESIAN_POINT('',(-0.042814980596304,-0.005,-0.145191699266434));
#2882=CARTESIAN_POINT('',(-0.042814980596304,-0.005,-0.137691699266434));
#2883=CARTESIAN_POINT('',(-0.035314980596304,-0.005,-0.145191699266434));
#2884=CARTESIAN_POINT('',(-0.035314980596304,0.,-0.145191699266434));
#2885=CARTESIAN_POINT('',(-0.027814980596304,0.,-0.145191699266434));
#2886=CARTESIAN_POINT('',(-0.027814980596304,-0.005,-0.145191699266434));
#2887=CARTESIAN_POINT('',(-0.027814980596304,-0.005,-0.145191699266434));
#2888=CARTESIAN_POINT('',(-0.035314980596304,-0.005,-0.145191699266434));
#2889=CARTESIAN_POINT('',(-0.027814980596304,-0.005,-0.137691699266434));
#2890=CARTESIAN_POINT('',(-0.027814980596304,0.,-0.137691699266434));
#2891=CARTESIAN_POINT('',(-0.027814980596304,-0.005,-0.137691699266434));
#2892=CARTESIAN_POINT('',(-0.035314980596304,-0.005,-0.137691699266434));
#2893=CARTESIAN_POINT('',(-0.035314980596304,0.,-0.137691699266434));
#2894=CARTESIAN_POINT('',(0.,0.,0.));
#2895=CARTESIAN_POINT('',(-0.127467738389969,-0.012,-0.0748835048079491));
#2896=CARTESIAN_POINT('',(-0.127467738389969,0.,-0.0748835048079491));
#2897=CARTESIAN_POINT('',(-0.162467738389969,0.,-0.0748835048079491));
#2898=CARTESIAN_POINT('',(-0.0924677383899689,0.,-0.0748835048079491));
#2899=CARTESIAN_POINT('',(-0.162467738389969,-0.012,-0.0748835048079491));
#2900=CARTESIAN_POINT('',(-0.162467738389969,-0.012,-0.0748835048079491));
#2901=CARTESIAN_POINT('',(-0.127467738389969,-0.012,-0.0748835048079491));
#2902=CARTESIAN_POINT('',(-0.0924677383899689,-0.012,-0.0748835048079491));
#2903=CARTESIAN_POINT('',(-0.0924677383899689,-0.012,-0.0748835048079491));
#2904=CARTESIAN_POINT('',(-0.162467738389969,-0.012,-0.0948835048079491));
#2905=CARTESIAN_POINT('',(-0.162467738389969,0.,-0.0948835048079491));
#2906=CARTESIAN_POINT('',(-0.162467738389969,0.,-0.114883504807949));
#2907=CARTESIAN_POINT('',(-0.162467738389969,-0.012,-0.114883504807949));
#2908=CARTESIAN_POINT('',(-0.162467738389969,-0.012,-0.114883504807949));
#2909=CARTESIAN_POINT('',(-0.162467738389969,-0.012,-0.0948835048079491));
#2910=CARTESIAN_POINT('',(-0.127467738389969,-0.012,-0.114883504807949));
#2911=CARTESIAN_POINT('',(-0.127467738389969,0.,-0.114883504807949));
#2912=CARTESIAN_POINT('',(-0.0924677383899689,0.,-0.114883504807949));
#2913=CARTESIAN_POINT('',(-0.0924677383899689,-0.012,-0.114883504807949));
#2914=CARTESIAN_POINT('',(-0.0924677383899689,-0.012,-0.114883504807949));
#2915=CARTESIAN_POINT('',(-0.127467738389969,-0.012,-0.114883504807949));
#2916=CARTESIAN_POINT('',(-0.0924677383899689,-0.012,-0.0948835048079491));
#2917=CARTESIAN_POINT('',(-0.0924677383899689,0.,-0.0948835048079491));
#2918=CARTESIAN_POINT('',(-0.0924677383899689,-0.012,-0.0948835048079491));
#2919=CARTESIAN_POINT('',(-0.127467738389969,-0.012,-0.0948835048079491));
#2920=CARTESIAN_POINT('',(-0.127467738389969,0.,-0.0948835048079491));
#2921=CARTESIAN_POINT('',(0.,0.,0.));
#2922=CARTESIAN_POINT('',(-0.140363559126854,-0.002,-0.0175));
#2923=CARTESIAN_POINT('',(-0.140363559126854,0.,-0.0175));
#2924=CARTESIAN_POINT('',(-0.112863559126854,0.,-0.0175));
#2925=CARTESIAN_POINT('',(-0.167863559126854,0.,-0.0175));
#2926=CARTESIAN_POINT('',(-0.112863559126854,-0.002,-0.0175));
#2927=CARTESIAN_POINT('',(-0.112863559126854,-0.002,-0.0175));
#2928=CARTESIAN_POINT('',(-0.140363559126854,-0.002,-0.0175));
#2929=CARTESIAN_POINT('',(-0.167863559126854,-0.002,-0.0175));
#2930=CARTESIAN_POINT('',(-0.167863559126854,-0.002,-0.0175));
#2931=CARTESIAN_POINT('',(-0.112863559126854,-0.002,-1.38777878078145E-17));
#2932=CARTESIAN_POINT('',(-0.112863559126854,0.,-1.38777878078145E-17));
#2933=CARTESIAN_POINT('',(-0.112863559126854,0.,0.0175));
#2934=CARTESIAN_POINT('',(-0.112863559126854,-0.002,0.0175));
#2935=CARTESIAN_POINT('',(-0.112863559126854,-0.002,0.0175));
#2936=CARTESIAN_POINT('',(-0.112863559126854,-0.002,-1.38777878078145E-17));
#2937=CARTESIAN_POINT('',(-0.140363559126854,-0.002,0.0175));
#2938=CARTESIAN_POINT('',(-0.140363559126854,0.,0.0175));
#2939=CARTESIAN_POINT('',(-0.167863559126854,0.,0.0175));
#2940=CARTESIAN_POINT('',(-0.167863559126854,-0.002,0.0175));
#2941=CARTESIAN_POINT('',(-0.167863559126854,-0.002,0.0175));
#2942=CARTESIAN_POINT('',(-0.140363559126854,-0.002,0.0175));
#2943=CARTESIAN_POINT('',(-0.167863559126854,-0.002,-6.93889390390723E-18));
#2944=CARTESIAN_POINT('',(-0.167863559126854,0.,-6.93889390390723E-18));
#2945=CARTESIAN_POINT('',(-0.167863559126854,-0.002,-6.93889390390723E-18));
#2946=CARTESIAN_POINT('',(-0.140363559126854,-0.002,-1.38777878078145E-17));
#2947=CARTESIAN_POINT('',(-0.117863559126854,-0.002,0.0125));
#2948=CARTESIAN_POINT('',(-0.117863559126854,-0.002,0.011));
#2949=CARTESIAN_POINT('',(-0.162863559126854,-0.002,0.0125));
#2950=CARTESIAN_POINT('',(-0.162863559126854,-0.002,0.011));
#2951=CARTESIAN_POINT('',(-0.140363559126854,0.,-1.38777878078145E-17));
#2952=CARTESIAN_POINT('',(-0.117863559126854,0.,0.0125));
#2953=CARTESIAN_POINT('',(-0.117863559126854,0.,0.011));
#2954=CARTESIAN_POINT('',(-0.162863559126854,0.,0.0125));
#2955=CARTESIAN_POINT('',(-0.162863559126854,0.,0.011));
#2956=CARTESIAN_POINT('',(-0.162863559126854,0.023,0.0125));
#2957=CARTESIAN_POINT('',(-0.117863559126854,0.023,0.0125));
#2958=CARTESIAN_POINT('',(0.,0.,0.));
#2959=CARTESIAN_POINT('',(0.,-0.025,-1.38777878078145E-17));
#2960=CARTESIAN_POINT('',(0.06,-0.025,-0.03));
#2961=CARTESIAN_POINT('',(0.06,-0.025,-0.0315));
#2962=CARTESIAN_POINT('',(-0.06,-0.025,-0.03));
#2963=CARTESIAN_POINT('',(-0.06,-0.025,-0.0315));
#2964=CARTESIAN_POINT('',(-0.06,-0.025,0.03));
#2965=CARTESIAN_POINT('',(-0.06,-0.025,0.0285));
#2966=CARTESIAN_POINT('',(0.06,-0.025,0.03));
#2967=CARTESIAN_POINT('',(0.06,-0.025,0.0285));
#2968=CARTESIAN_POINT('',(-0.0331339351832866,-0.025,-0.0291364546865225));
#2969=CARTESIAN_POINT('',(-0.0331339351832866,-0.025,-0.0341364546865225));
#2970=CARTESIAN_POINT('',(-0.0151339351832867,-0.025,-0.0295197889208794));
#2971=CARTESIAN_POINT('',(-0.0151339351832867,-0.025,-0.0345197889208793));
#2972=CARTESIAN_POINT('',(0.00286606481671334,-0.025,-0.0295197889208794));
#2973=CARTESIAN_POINT('',(0.00286606481671334,-0.025,-0.0345197889208793));
#2974=CARTESIAN_POINT('',(0.0208660648167133,-0.025,-0.0295197889208794));
#2975=CARTESIAN_POINT('',(0.0208660648167133,-0.025,-0.0345197889208793));
#2976=CARTESIAN_POINT('',(1.38777878078145E-17,-0.025,0.04));
#2977=CARTESIAN_POINT('',(-0.06,-0.025,0.04));
#2978=CARTESIAN_POINT('',(0.06,-0.025,0.04));
#2979=CARTESIAN_POINT('',(-0.06,-0.025,0.03));
#2980=CARTESIAN_POINT('',(-0.07,-0.025,0.03));
#2981=CARTESIAN_POINT('',(-0.07,-0.025,-1.38777878078145E-17));
#2982=CARTESIAN_POINT('',(-0.07,-0.025,-0.03));
#2983=CARTESIAN_POINT('',(-0.06,-0.025,-0.03));
#2984=CARTESIAN_POINT('',(-0.06,-0.025,-0.04));
#2985=CARTESIAN_POINT('',(0.,-0.025,-0.04));
#2986=CARTESIAN_POINT('',(0.06,-0.025,-0.04));
#2987=CARTESIAN_POINT('',(0.06,-0.025,-0.03));
#2988=CARTESIAN_POINT('',(0.07,-0.025,-0.03));
#2989=CARTESIAN_POINT('',(0.07,-0.025,-1.38777878078145E-17));
#2990=CARTESIAN_POINT('',(0.07,-0.025,0.03));
#2991=CARTESIAN_POINT('',(0.06,-0.025,0.03));
#2992=CARTESIAN_POINT('',(-0.04,-0.025,3.46944695195361E-18));
#2993=CARTESIAN_POINT('',(-0.04,-0.025,0.02));
#2994=CARTESIAN_POINT('',(-0.04,-0.025,-0.02));
#2995=CARTESIAN_POINT('',(6.93889390390723E-18,-0.025,0.02));
#2996=CARTESIAN_POINT('',(0.04,-0.025,0.02));
#2997=CARTESIAN_POINT('',(0.04,-0.025,3.46944695195361E-18));
#2998=CARTESIAN_POINT('',(0.04,-0.025,-0.02));
#2999=CARTESIAN_POINT('',(0.,-0.025,-0.02));
#3000=CARTESIAN_POINT('',(0.,-0.0225,-1.38777878078145E-17));
#3001=CARTESIAN_POINT('',(-0.06,-0.0225,0.03));
#3002=CARTESIAN_POINT('',(-0.06,-0.0225,0.026));
#3003=CARTESIAN_POINT('',(0.06,-0.0225,-0.03));
#3004=CARTESIAN_POINT('',(0.06,-0.0225,-0.034));
#3005=CARTESIAN_POINT('',(-0.06,-0.0225,-0.03));
#3006=CARTESIAN_POINT('',(-0.06,-0.0225,-0.034));
#3007=CARTESIAN_POINT('',(0.06,-0.0225,0.03));
#3008=CARTESIAN_POINT('',(0.06,-0.0225,0.026));
#3009=CARTESIAN_POINT('',(-0.0331339351832866,-0.0225,-0.0291364546865225));
#3010=CARTESIAN_POINT('',(-0.0331339351832866,-0.0225,-0.0341364546865225));
#3011=CARTESIAN_POINT('',(-0.0151339351832867,-0.0225,-0.0295197889208794));
#3012=CARTESIAN_POINT('',(-0.0151339351832867,-0.0225,-0.0345197889208793));
#3013=CARTESIAN_POINT('',(0.00286606481671334,-0.0225,-0.0295197889208794));
#3014=CARTESIAN_POINT('',(0.00286606481671334,-0.0225,-0.0345197889208793));
#3015=CARTESIAN_POINT('',(0.0208660648167133,-0.0225,-0.0295197889208794));
#3016=CARTESIAN_POINT('',(0.0208660648167133,-0.0225,-0.0345197889208793));
#3017=CARTESIAN_POINT('',(1.38777878078145E-17,-0.0225,0.0375));
#3018=CARTESIAN_POINT('',(-0.06,-0.0225,0.0375));
#3019=CARTESIAN_POINT('',(0.06,-0.0225,0.0375));
#3020=CARTESIAN_POINT('',(0.06,-0.0225,0.03));
#3021=CARTESIAN_POINT('',(0.0675,-0.0225,0.03));
#3022=CARTESIAN_POINT('',(0.0675,-0.0225,-1.34441069388203E-17));
#3023=CARTESIAN_POINT('',(0.0675,-0.0225,-0.03));
#3024=CARTESIAN_POINT('',(0.06,-0.0225,-0.03));
#3025=CARTESIAN_POINT('',(0.06,-0.0225,-0.0375));
#3026=CARTESIAN_POINT('',(0.,-0.0225,-0.0375));
#3027=CARTESIAN_POINT('',(-0.06,-0.0225,-0.0375));
#3028=CARTESIAN_POINT('',(-0.06,-0.0225,-0.03));
#3029=CARTESIAN_POINT('',(-0.0675,-0.0225,-0.03));
#3030=CARTESIAN_POINT('',(-0.0675,-0.0225,-1.43114686768087E-17));
#3031=CARTESIAN_POINT('',(-0.0675,-0.0225,0.03));
#3032=CARTESIAN_POINT('',(-0.06,-0.0225,0.03));
#3033=CARTESIAN_POINT('',(0.,-0.0225,0.02));
#3034=CARTESIAN_POINT('',(-0.04,-0.0225,0.02));
#3035=CARTESIAN_POINT('',(0.04,-0.0225,0.02));
#3036=CARTESIAN_POINT('',(-0.04,-0.0225,-6.93889390390723E-18));
#3037=CARTESIAN_POINT('',(-0.04,-0.0225,-0.02));
#3038=CARTESIAN_POINT('',(0.,-0.0225,-0.02));
#3039=CARTESIAN_POINT('',(0.04,-0.0225,-0.02));
#3040=CARTESIAN_POINT('',(0.04,-0.0225,-2.08166817117217E-17));
#3041=CARTESIAN_POINT('',(0.,0.,-1.38777878078145E-17));
#3042=CARTESIAN_POINT('',(-0.07,0.,-1.38777878078145E-17));
#3043=CARTESIAN_POINT('',(-0.07,0.,0.03));
#3044=CARTESIAN_POINT('',(-0.07,0.,-0.03));
#3045=CARTESIAN_POINT('',(-0.06,0.,0.03));
#3046=CARTESIAN_POINT('',(-0.06,0.,0.04));
#3047=CARTESIAN_POINT('',(1.38777878078145E-17,0.,0.04));
#3048=CARTESIAN_POINT('',(0.06,0.,0.04));
#3049=CARTESIAN_POINT('',(0.06,0.,0.03));
#3050=CARTESIAN_POINT('',(0.07,0.,0.03));
#3051=CARTESIAN_POINT('',(0.07,0.,-1.38777878078145E-17));
#3052=CARTESIAN_POINT('',(0.07,0.,-0.03));
#3053=CARTESIAN_POINT('',(0.06,0.,-0.03));
#3054=CARTESIAN_POINT('',(0.06,0.,-0.04));
#3055=CARTESIAN_POINT('',(0.,0.,-0.04));
#3056=CARTESIAN_POINT('',(-0.06,0.,-0.04));
#3057=CARTESIAN_POINT('',(-0.06,0.,-0.03));
#3058=CARTESIAN_POINT('',(-0.06,0.,0.03));
#3059=CARTESIAN_POINT('',(-0.0675,0.,0.03));
#3060=CARTESIAN_POINT('',(-0.06,0.,0.0375));
#3061=CARTESIAN_POINT('',(-0.0675,0.,-1.43114686768087E-17));
#3062=CARTESIAN_POINT('',(-0.0675,0.,-0.03));
#3063=CARTESIAN_POINT('',(-0.06,0.,-0.03));
#3064=CARTESIAN_POINT('',(-0.06,0.,-0.0375));
#3065=CARTESIAN_POINT('',(0.,0.,-0.0375));
#3066=CARTESIAN_POINT('',(0.06,0.,-0.0375));
#3067=CARTESIAN_POINT('',(0.06,0.,-0.03));
#3068=CARTESIAN_POINT('',(0.0675,0.,-0.03));
#3069=CARTESIAN_POINT('',(0.0675,0.,-1.34441069388203E-17));
#3070=CARTESIAN_POINT('',(0.0675,0.,0.03));
#3071=CARTESIAN_POINT('',(0.06,0.,0.03));
#3072=CARTESIAN_POINT('',(0.06,0.,0.0375));
#3073=CARTESIAN_POINT('',(1.38777878078145E-17,0.,0.0375));
#3074=CARTESIAN_POINT('',(1.38777878078145E-17,-0.025,0.04));
#3075=CARTESIAN_POINT('',(-0.06,-0.025,0.04));
#3076=CARTESIAN_POINT('',(0.06,-0.025,0.04));
#3077=CARTESIAN_POINT('',(-0.07,-0.025,-1.38777878078145E-17));
#3078=CARTESIAN_POINT('',(-0.07,0.,0.03));
#3079=CARTESIAN_POINT('',(-0.07,-0.025,-0.03));
#3080=CARTESIAN_POINT('',(0.,-0.025,-0.04));
#3081=CARTESIAN_POINT('',(0.06,-0.025,-0.04));
#3082=CARTESIAN_POINT('',(-0.06,-0.025,-0.04));
#3083=CARTESIAN_POINT('',(0.07,-0.025,-1.38777878078145E-17));
#3084=CARTESIAN_POINT('',(0.07,-0.025,0.03));
#3085=CARTESIAN_POINT('',(0.07,0.,-0.03));
#3086=CARTESIAN_POINT('',(-0.06,-0.025,0.03));
#3087=CARTESIAN_POINT('',(0.06,-0.025,0.03));
#3088=CARTESIAN_POINT('',(0.06,-0.025,-0.03));
#3089=CARTESIAN_POINT('',(-0.06,-0.025,-0.03));
#3090=CARTESIAN_POINT('',(1.38777878078145E-17,-0.025,0.0375));
#3091=CARTESIAN_POINT('',(0.06,-0.025,0.0375));
#3092=CARTESIAN_POINT('',(-0.06,-0.025,0.0375));
#3093=CARTESIAN_POINT('',(-0.0675,-0.025,-1.43114686768087E-17));
#3094=CARTESIAN_POINT('',(-0.0675,-0.025,-0.03));
#3095=CARTESIAN_POINT('',(-0.0675,-0.025,0.03));
#3096=CARTESIAN_POINT('',(0.,-0.025,-0.0375));
#3097=CARTESIAN_POINT('',(-0.06,-0.025,-0.0375));
#3098=CARTESIAN_POINT('',(0.06,-0.025,-0.0375));
#3099=CARTESIAN_POINT('',(0.0675,-0.025,-1.34441069388203E-17));
#3100=CARTESIAN_POINT('',(0.0675,-0.025,-0.03));
#3101=CARTESIAN_POINT('',(0.0675,-0.025,0.03));
#3102=CARTESIAN_POINT('',(-0.06,-0.025,0.03));
#3103=CARTESIAN_POINT('',(0.06,-0.025,0.03));
#3104=CARTESIAN_POINT('',(0.06,-0.025,-0.03));
#3105=CARTESIAN_POINT('',(-0.06,-0.025,-0.03));
#3106=CARTESIAN_POINT('',(6.93889390390723E-18,0.,0.02));
#3107=CARTESIAN_POINT('',(0.04,0.,0.02));
#3108=CARTESIAN_POINT('',(-0.04,0.,0.02));
#3109=CARTESIAN_POINT('',(-0.04,0.,3.46944695195361E-18));
#3110=CARTESIAN_POINT('',(-0.04,0.,-0.02));
#3111=CARTESIAN_POINT('',(0.,0.,-0.02));
#3112=CARTESIAN_POINT('',(0.04,0.,-0.02));
#3113=CARTESIAN_POINT('',(0.04,0.,3.46944695195361E-18));
#3114=CARTESIAN_POINT('',(0.0208660648167133,0.,-0.0295197889208794));
#3115=CARTESIAN_POINT('',(0.00286606481671334,0.,-0.0295197889208794));
#3116=CARTESIAN_POINT('',(-0.0151339351832867,0.,-0.0295197889208794));
#3117=CARTESIAN_POINT('',(-0.0331339351832866,0.,-0.0291364546865225));
#3118=CARTESIAN_POINT('',(0.06,-0.0075,0.03));
#3119=CARTESIAN_POINT('',(0.06,-0.0075,0.03));
#3120=CARTESIAN_POINT('',(0.06,-0.0075,0.034));
#3121=CARTESIAN_POINT('',(0.,-0.0075,-1.38777878078145E-17));
#3122=CARTESIAN_POINT('',(0.06,-0.0075,0.03));
#3123=CARTESIAN_POINT('',(0.06,-0.0075,0.0315));
#3124=CARTESIAN_POINT('',(-0.06,-0.0075,-0.03));
#3125=CARTESIAN_POINT('',(-0.06,-0.0075,-0.03));
#3126=CARTESIAN_POINT('',(-0.06,-0.0075,-0.026));
#3127=CARTESIAN_POINT('',(0.,-0.0075,-1.38777878078145E-17));
#3128=CARTESIAN_POINT('',(-0.06,-0.0075,-0.03));
#3129=CARTESIAN_POINT('',(-0.06,-0.0075,-0.0285));
#3130=CARTESIAN_POINT('',(0.06,-0.0075,-0.03));
#3131=CARTESIAN_POINT('',(0.06,-0.0075,-0.03));
#3132=CARTESIAN_POINT('',(0.06,-0.0075,-0.026));
#3133=CARTESIAN_POINT('',(0.,-0.0075,-1.38777878078145E-17));
#3134=CARTESIAN_POINT('',(0.06,-0.0075,-0.03));
#3135=CARTESIAN_POINT('',(0.06,-0.0075,-0.0285));
#3136=CARTESIAN_POINT('',(-0.06,-0.0075,0.03));
#3137=CARTESIAN_POINT('',(-0.06,-0.0075,0.03));
#3138=CARTESIAN_POINT('',(-0.06,-0.0075,0.034));
#3139=CARTESIAN_POINT('',(0.,-0.0075,-1.38777878078145E-17));
#3140=CARTESIAN_POINT('',(-0.06,-0.0075,0.03));
#3141=CARTESIAN_POINT('',(-0.06,-0.0075,0.0315));
#3142=CARTESIAN_POINT('',(-0.06,-0.0325,0.03));
#3143=CARTESIAN_POINT('',(0.06,-0.0325,-0.03));
#3144=CARTESIAN_POINT('',(-0.06,-0.0325,-0.03));
#3145=CARTESIAN_POINT('',(0.06,-0.0325,0.03));
#3146=CARTESIAN_POINT('',(0.,0.,0.));
#3147=CARTESIAN_POINT('',(-0.101964612305164,-0.008,0.115041235089302));
#3148=CARTESIAN_POINT('',(-0.101964612305164,0.,0.115041235089302));
#3149=CARTESIAN_POINT('',(-0.114464612305164,0.,0.115041235089302));
#3150=CARTESIAN_POINT('',(-0.0894646123051643,0.,0.115041235089302));
#3151=CARTESIAN_POINT('',(-0.114464612305164,-0.008,0.115041235089302));
#3152=CARTESIAN_POINT('',(-0.114464612305164,-0.008,0.115041235089302));
#3153=CARTESIAN_POINT('',(-0.101964612305164,-0.008,0.115041235089302));
#3154=CARTESIAN_POINT('',(-0.0894646123051643,-0.008,0.115041235089302));
#3155=CARTESIAN_POINT('',(-0.0894646123051643,-0.008,0.115041235089302));
#3156=CARTESIAN_POINT('',(-0.114464612305164,-0.008,0.102541235089302));
#3157=CARTESIAN_POINT('',(-0.114464612305164,0.,0.102541235089302));
#3158=CARTESIAN_POINT('',(-0.114464612305164,0.,0.0900412350893021));
#3159=CARTESIAN_POINT('',(-0.114464612305164,-0.008,0.0900412350893021));
#3160=CARTESIAN_POINT('',(-0.114464612305164,-0.008,0.0900412350893021));
#3161=CARTESIAN_POINT('',(-0.114464612305164,-0.008,0.102541235089302));
#3162=CARTESIAN_POINT('',(-0.101964612305164,-0.008,0.0900412350893021));
#3163=CARTESIAN_POINT('',(-0.101964612305164,0.,0.0900412350893021));
#3164=CARTESIAN_POINT('',(-0.0894646123051643,0.,0.0900412350893021));
#3165=CARTESIAN_POINT('',(-0.0894646123051643,-0.008,0.0900412350893021));
#3166=CARTESIAN_POINT('',(-0.0894646123051643,-0.008,0.0900412350893021));
#3167=CARTESIAN_POINT('',(-0.101964612305164,-0.008,0.0900412350893021));
#3168=CARTESIAN_POINT('',(-0.0894646123051643,-0.008,0.102541235089302));
#3169=CARTESIAN_POINT('',(-0.0894646123051643,0.,0.102541235089302));
#3170=CARTESIAN_POINT('',(-0.0894646123051643,-0.008,0.102541235089302));
#3171=CARTESIAN_POINT('',(-0.101964612305164,-0.008,0.102541235089302));
#3172=CARTESIAN_POINT('',(-0.101964612305164,0.,0.102541235089302));
#3173=CARTESIAN_POINT('',(0.,0.,0.));
#3174=CARTESIAN_POINT('',(0.,-0.002,-0.0860240186452866));
#3175=CARTESIAN_POINT('',(0.053,-0.002,-0.119024018645287));
#3176=CARTESIAN_POINT('',(0.0527468359879573,-0.002,-0.120502500293129));
#3177=CARTESIAN_POINT('',(0.0527468359879573,-0.002,-0.117545536997444));
#3178=CARTESIAN_POINT('',(0.0501364544034004,-0.002,-0.119024018645287));
#3179=CARTESIAN_POINT('',(0.053,-0.002,-0.0530240186452866));
#3180=CARTESIAN_POINT('',(0.053,-0.002,-0.0560240186452866));
#3181=CARTESIAN_POINT('',(-0.0495302118360996,-0.002,-0.119024018645287));
#3182=CARTESIAN_POINT('',(-0.0495302118360996,-0.002,-0.122024018645287));
#3183=CARTESIAN_POINT('',(-0.053,-0.002,-0.0530240186452866));
#3184=CARTESIAN_POINT('',(-0.053,-0.002,-0.0560240186452866));
#3185=CARTESIAN_POINT('',(1.38777878078145E-17,-0.002,-0.124024018645287));
#3186=CARTESIAN_POINT('',(0.053,-0.002,-0.124024018645287));
#3187=CARTESIAN_POINT('',(-0.053,-0.002,-0.124024018645287));
#3188=CARTESIAN_POINT('',(0.053,-0.002,-0.114024018645287));
#3189=CARTESIAN_POINT('',(0.063,-0.002,-0.114024018645287));
#3190=CARTESIAN_POINT('',(0.063,-0.002,-0.0860240186452866));
#3191=CARTESIAN_POINT('',(0.063,-0.002,-0.0580240186452866));
#3192=CARTESIAN_POINT('',(0.053,-0.002,-0.0580240186452866));
#3193=CARTESIAN_POINT('',(0.053,-0.002,-0.0480240186452866));
#3194=CARTESIAN_POINT('',(1.38777878078145E-17,-0.002,-0.0480240186452866));
#3195=CARTESIAN_POINT('',(-0.053,-0.002,-0.0480240186452866));
#3196=CARTESIAN_POINT('',(-0.053,-0.002,-0.0580240186452866));
#3197=CARTESIAN_POINT('',(-0.063,-0.002,-0.0580240186452866));
#3198=CARTESIAN_POINT('',(-0.063,-0.002,-0.0860240186452866));
#3199=CARTESIAN_POINT('',(-0.063,-0.002,-0.114024018645287));
#3200=CARTESIAN_POINT('',(-0.053,-0.002,-0.114024018645287));
#3201=CARTESIAN_POINT('',(0.,-0.002,-0.0820240186452866));
#3202=CARTESIAN_POINT('',(0.,-0.002,-0.0795240186452866));
#3203=CARTESIAN_POINT('',(0.,-0.002,-0.0845240186452866));
#3204=CARTESIAN_POINT('',(0.01,-0.002,-0.0795240186452866));
#3205=CARTESIAN_POINT('',(0.02,-0.002,-0.0795240186452866));
#3206=CARTESIAN_POINT('',(0.02,-0.002,-0.0820240186452866));
#3207=CARTESIAN_POINT('',(0.02,-0.002,-0.0845240186452866));
#3208=CARTESIAN_POINT('',(0.01,-0.002,-0.0845240186452866));
#3209=CARTESIAN_POINT('',(-0.023,-0.002,-0.0730240186452866));
#3210=CARTESIAN_POINT('',(-0.023,-0.002,-0.0705240186452866));
#3211=CARTESIAN_POINT('',(-0.023,-0.002,-0.0755240186452866));
#3212=CARTESIAN_POINT('',(-0.013,-0.002,-0.0705240186452866));
#3213=CARTESIAN_POINT('',(-0.003,-0.002,-0.0705240186452866));
#3214=CARTESIAN_POINT('',(-0.003,-0.002,-0.0730240186452866));
#3215=CARTESIAN_POINT('',(-0.003,-0.002,-0.0755240186452866));
#3216=CARTESIAN_POINT('',(-0.013,-0.002,-0.0755240186452866));
#3217=CARTESIAN_POINT('',(0.,0.,-0.0860240186452866));
#3218=CARTESIAN_POINT('',(0.,0.,-0.0795240186452866));
#3219=CARTESIAN_POINT('',(0.,0.,-0.0795240186452866));
#3220=CARTESIAN_POINT('',(0.02,0.,-0.0795240186452866));
#3221=CARTESIAN_POINT('',(0.,0.,-0.0860240186452866));
#3222=CARTESIAN_POINT('',(0.,0.,-0.0845240186452866));
#3223=CARTESIAN_POINT('',(0.,0.,-0.0845240186452866));
#3224=CARTESIAN_POINT('',(0.02,0.,-0.0845240186452866));
#3225=CARTESIAN_POINT('',(0.02,0.,-0.0860240186452866));
#3226=CARTESIAN_POINT('',(-0.053,0.,-0.0530240186452866));
#3227=CARTESIAN_POINT('',(-0.053,0.,-0.0545240186452866));
#3228=CARTESIAN_POINT('',(0.053,0.,-0.0530240186452866));
#3229=CARTESIAN_POINT('',(0.053,0.,-0.0545240186452866));
#3230=CARTESIAN_POINT('',(0.053,0.,-0.119024018645287));
#3231=CARTESIAN_POINT('',(0.053,0.,-0.120524018645287));
#3232=CARTESIAN_POINT('',(-0.0495302118360996,0.,-0.119024018645287));
#3233=CARTESIAN_POINT('',(-0.0495302118360996,0.,-0.120524018645287));
#3234=CARTESIAN_POINT('',(0.063,0.,-0.0860240186452866));
#3235=CARTESIAN_POINT('',(0.063,0.,-0.114024018645287));
#3236=CARTESIAN_POINT('',(0.063,0.,-0.0580240186452866));
#3237=CARTESIAN_POINT('',(0.053,0.,-0.114024018645287));
#3238=CARTESIAN_POINT('',(0.053,0.,-0.124024018645287));
#3239=CARTESIAN_POINT('',(1.38777878078145E-17,0.,-0.124024018645287));
#3240=CARTESIAN_POINT('',(-0.053,0.,-0.124024018645287));
#3241=CARTESIAN_POINT('',(-0.053,0.,-0.114024018645287));
#3242=CARTESIAN_POINT('',(-0.063,0.,-0.114024018645287));
#3243=CARTESIAN_POINT('',(-0.063,0.,-0.0860240186452866));
#3244=CARTESIAN_POINT('',(-0.063,0.,-0.0580240186452866));
#3245=CARTESIAN_POINT('',(-0.053,0.,-0.0580240186452866));
#3246=CARTESIAN_POINT('',(-0.053,0.,-0.0480240186452866));
#3247=CARTESIAN_POINT('',(1.38777878078145E-17,0.,-0.0480240186452866));
#3248=CARTESIAN_POINT('',(0.053,0.,-0.0480240186452866));
#3249=CARTESIAN_POINT('',(0.053,0.,-0.0580240186452866));
#3250=CARTESIAN_POINT('',(0.,0.,-0.0705240186452866));
#3251=CARTESIAN_POINT('',(-0.023,0.,-0.0705240186452866));
#3252=CARTESIAN_POINT('',(-0.003,0.,-0.0705240186452866));
#3253=CARTESIAN_POINT('',(-0.023,0.,-0.0860240186452866));
#3254=CARTESIAN_POINT('',(-0.023,0.,-0.0755240186452866));
#3255=CARTESIAN_POINT('',(0.,0.,-0.0755240186452866));
#3256=CARTESIAN_POINT('',(-0.003,0.,-0.0755240186452866));
#3257=CARTESIAN_POINT('',(-0.003,0.,-0.0860240186452866));
#3258=CARTESIAN_POINT('',(1.38777878078145E-17,-0.002,-0.124024018645287));
#3259=CARTESIAN_POINT('',(0.053,-0.002,-0.124024018645287));
#3260=CARTESIAN_POINT('',(-0.053,-0.002,-0.124024018645287));
#3261=CARTESIAN_POINT('',(0.063,-0.002,-0.0860240186452866));
#3262=CARTESIAN_POINT('',(0.063,0.,-0.114024018645287));
#3263=CARTESIAN_POINT('',(0.063,-0.002,-0.0580240186452866));
#3264=CARTESIAN_POINT('',(1.38777878078145E-17,-0.002,-0.0480240186452866));
#3265=CARTESIAN_POINT('',(0.053,-0.002,-0.0480240186452866));
#3266=CARTESIAN_POINT('',(-0.053,-0.002,-0.0480240186452866));
#3267=CARTESIAN_POINT('',(-0.063,-0.002,-0.0860240186452866));
#3268=CARTESIAN_POINT('',(-0.063,0.,-0.0580240186452866));
#3269=CARTESIAN_POINT('',(-0.063,-0.002,-0.114024018645287));
#3270=CARTESIAN_POINT('',(-0.053,-0.008,-0.0530240186452866));
#3271=CARTESIAN_POINT('',(-0.053,-0.008,-0.0530240186452866));
#3272=CARTESIAN_POINT('',(-0.053,-0.008,-0.0560240186452866));
#3273=CARTESIAN_POINT('',(0.,-0.008,-0.0860240186452866));
#3274=CARTESIAN_POINT('',(-0.053,-0.008,-0.0530240186452866));
#3275=CARTESIAN_POINT('',(-0.053,-0.008,-0.0545240186452866));
#3276=CARTESIAN_POINT('',(0.0501364544034004,-0.008,-0.119024018645287));
#3277=CARTESIAN_POINT('',(0.0527468359879573,0.0045,-0.120502500293129));
#3278=CARTESIAN_POINT('',(0.0527468359879573,-0.008,-0.120502500293129));
#3279=CARTESIAN_POINT('',(0.0501364544034004,-0.008,-0.119024018645287));
#3280=CARTESIAN_POINT('',(0.0527468359879573,-0.008,-0.117545536997444));
#3281=CARTESIAN_POINT('',(0.0527468359879573,0.0045,-0.117545536997444));
#3282=CARTESIAN_POINT('',(0.,-0.008,-0.0860240186452866));
#3283=CARTESIAN_POINT('',(0.053,-0.008,-0.119024018645287));
#3284=CARTESIAN_POINT('',(-0.0495302118360996,-0.008,-0.119024018645287));
#3285=CARTESIAN_POINT('',(-0.0495302118360996,-0.008,-0.119024018645287));
#3286=CARTESIAN_POINT('',(-0.0495302118360996,-0.008,-0.122024018645287));
#3287=CARTESIAN_POINT('',(0.,-0.008,-0.0860240186452866));
#3288=CARTESIAN_POINT('',(-0.0495302118360996,-0.008,-0.119024018645287));
#3289=CARTESIAN_POINT('',(-0.0495302118360996,-0.008,-0.120524018645287));
#3290=CARTESIAN_POINT('',(0.053,-0.008,-0.0530240186452866));
#3291=CARTESIAN_POINT('',(0.053,-0.008,-0.0530240186452866));
#3292=CARTESIAN_POINT('',(0.053,-0.008,-0.0560240186452866));
#3293=CARTESIAN_POINT('',(0.,-0.008,-0.0860240186452866));
#3294=CARTESIAN_POINT('',(0.053,-0.008,-0.0530240186452866));
#3295=CARTESIAN_POINT('',(0.053,-0.008,-0.0545240186452866));
#3296=CARTESIAN_POINT('',(0.053,0.017,-0.0530240186452866));
#3297=CARTESIAN_POINT('',(-0.0495302118360996,0.017,-0.119024018645287));
#3298=CARTESIAN_POINT('',(0.053,0.017,-0.119024018645287));
#3299=CARTESIAN_POINT('',(-0.053,0.017,-0.0530240186452866));
#3300=CARTESIAN_POINT('',(0.01,0.023,-0.0795240186452866));
#3301=CARTESIAN_POINT('',(0.02,0.023,-0.0795240186452866));
#3302=CARTESIAN_POINT('',(0.,0.023,-0.0795240186452866));
#3303=CARTESIAN_POINT('',(0.,0.023,-0.0820240186452866));
#3304=CARTESIAN_POINT('',(0.,0.023,-0.0845240186452866));
#3305=CARTESIAN_POINT('',(0.01,0.023,-0.0845240186452866));
#3306=CARTESIAN_POINT('',(0.02,0.023,-0.0845240186452866));
#3307=CARTESIAN_POINT('',(0.02,0.023,-0.0820240186452866));
#3308=CARTESIAN_POINT('',(-0.013,0.023,-0.0705240186452866));
#3309=CARTESIAN_POINT('',(-0.003,0.023,-0.0705240186452866));
#3310=CARTESIAN_POINT('',(-0.023,0.023,-0.0705240186452866));
#3311=CARTESIAN_POINT('',(-0.023,0.023,-0.0730240186452866));
#3312=CARTESIAN_POINT('',(-0.023,0.023,-0.0755240186452866));
#3313=CARTESIAN_POINT('',(-0.013,0.023,-0.0755240186452866));
#3314=CARTESIAN_POINT('',(-0.003,0.023,-0.0755240186452866));
#3315=CARTESIAN_POINT('',(-0.003,0.023,-0.0730240186452866));
#3316=CARTESIAN_POINT('',(0.053,-0.002,-0.114024018645287));
#3317=CARTESIAN_POINT('',(0.053,-0.002,-0.0580240186452866));
#3318=CARTESIAN_POINT('',(-0.053,-0.002,-0.0580240186452866));
#3319=CARTESIAN_POINT('',(-0.053,-0.002,-0.114024018645287));
#3320=CARTESIAN_POINT('',(0.,0.,0.));
#3321=CARTESIAN_POINT('',(-0.0924677383899689,-0.005,-0.048732388317585));
#3322=CARTESIAN_POINT('',(-0.0924677383899689,0.,-0.048732388317585));
#3323=CARTESIAN_POINT('',(-0.0924677383899689,0.,-0.028732388317585));
#3324=CARTESIAN_POINT('',(-0.0924677383899689,0.,-0.068732388317585));
#3325=CARTESIAN_POINT('',(-0.0924677383899689,-0.005,-0.028732388317585));
#3326=CARTESIAN_POINT('',(-0.0924677383899689,-0.005,-0.028732388317585));
#3327=CARTESIAN_POINT('',(-0.0924677383899689,-0.005,-0.048732388317585));
#3328=CARTESIAN_POINT('',(-0.0924677383899689,-0.005,-0.068732388317585));
#3329=CARTESIAN_POINT('',(-0.0924677383899689,-0.005,-0.068732388317585));
#3330=CARTESIAN_POINT('',(-0.132467738389969,-0.005,-0.028732388317585));
#3331=CARTESIAN_POINT('',(-0.132467738389969,0.,-0.028732388317585));
#3332=CARTESIAN_POINT('',(-0.172467738389969,0.,-0.028732388317585));
#3333=CARTESIAN_POINT('',(-0.172467738389969,-0.005,-0.028732388317585));
#3334=CARTESIAN_POINT('',(-0.172467738389969,-0.005,-0.028732388317585));
#3335=CARTESIAN_POINT('',(-0.132467738389969,-0.005,-0.028732388317585));
#3336=CARTESIAN_POINT('',(-0.172467738389969,-0.005,-0.048732388317585));
#3337=CARTESIAN_POINT('',(-0.172467738389969,0.,-0.048732388317585));
#3338=CARTESIAN_POINT('',(-0.172467738389969,0.,-0.068732388317585));
#3339=CARTESIAN_POINT('',(-0.172467738389969,-0.005,-0.068732388317585));
#3340=CARTESIAN_POINT('',(-0.172467738389969,-0.005,-0.068732388317585));
#3341=CARTESIAN_POINT('',(-0.172467738389969,-0.005,-0.048732388317585));
#3342=CARTESIAN_POINT('',(-0.132467738389969,-0.005,-0.068732388317585));
#3343=CARTESIAN_POINT('',(-0.132467738389969,0.,-0.068732388317585));
#3344=CARTESIAN_POINT('',(-0.132467738389969,-0.005,-0.068732388317585));
#3345=CARTESIAN_POINT('',(-0.132467738389969,-0.005,-0.048732388317585));
#3346=CARTESIAN_POINT('',(-0.132467738389969,0.,-0.048732388317585));
#3347=CARTESIAN_POINT('',(0.,0.,0.));
#3348=CARTESIAN_POINT('',(-0.147444222271442,-0.01,0.0805153465569019));
#3349=CARTESIAN_POINT('',(-0.147444222271442,0.,0.0805153465569019));
#3350=CARTESIAN_POINT('',(-0.174944222271442,0.,0.0805153465569019));
#3351=CARTESIAN_POINT('',(-0.119944222271442,0.,0.0805153465569019));
#3352=CARTESIAN_POINT('',(-0.174944222271442,-0.01,0.0805153465569019));
#3353=CARTESIAN_POINT('',(-0.174944222271442,-0.01,0.0805153465569019));
#3354=CARTESIAN_POINT('',(-0.147444222271442,-0.01,0.0805153465569019));
#3355=CARTESIAN_POINT('',(-0.119944222271442,-0.01,0.0805153465569019));
#3356=CARTESIAN_POINT('',(-0.119944222271442,-0.01,0.0805153465569019));
#3357=CARTESIAN_POINT('',(-0.174944222271442,-0.01,0.0665153465569019));
#3358=CARTESIAN_POINT('',(-0.174944222271442,0.,0.0665153465569019));
#3359=CARTESIAN_POINT('',(-0.174944222271442,0.,0.0525153465569019));
#3360=CARTESIAN_POINT('',(-0.174944222271442,-0.01,0.0525153465569019));
#3361=CARTESIAN_POINT('',(-0.174944222271442,-0.01,0.0525153465569019));
#3362=CARTESIAN_POINT('',(-0.174944222271442,-0.01,0.0665153465569019));
#3363=CARTESIAN_POINT('',(-0.147444222271442,-0.01,0.0525153465569019));
#3364=CARTESIAN_POINT('',(-0.147444222271442,0.,0.0525153465569019));
#3365=CARTESIAN_POINT('',(-0.119944222271442,0.,0.0525153465569019));
#3366=CARTESIAN_POINT('',(-0.119944222271442,-0.01,0.0525153465569019));
#3367=CARTESIAN_POINT('',(-0.119944222271442,-0.01,0.0525153465569019));
#3368=CARTESIAN_POINT('',(-0.147444222271442,-0.01,0.0525153465569019));
#3369=CARTESIAN_POINT('',(-0.119944222271442,-0.01,0.0665153465569019));
#3370=CARTESIAN_POINT('',(-0.119944222271442,0.,0.0665153465569019));
#3371=CARTESIAN_POINT('',(-0.119944222271442,-0.01,0.0665153465569019));
#3372=CARTESIAN_POINT('',(-0.147444222271442,-0.01,0.0665153465569019));
#3373=CARTESIAN_POINT('',(-0.147444222271442,0.,0.0665153465569019));
#3374=CARTESIAN_POINT('',(0.,0.,0.));
#3375=CARTESIAN_POINT('',(6.93889390390723E-18,-0.002,0.0632369875907898));
#3376=CARTESIAN_POINT('',(6.93889390390723E-18,0.,0.0632369875907898));
#3377=CARTESIAN_POINT('',(0.045,0.,0.0632369875907898));
#3378=CARTESIAN_POINT('',(-0.045,0.,0.0632369875907898));
#3379=CARTESIAN_POINT('',(0.045,-0.002,0.0632369875907898));
#3380=CARTESIAN_POINT('',(0.045,-0.002,0.0632369875907898));
#3381=CARTESIAN_POINT('',(6.93889390390723E-18,-0.002,0.0632369875907898));
#3382=CARTESIAN_POINT('',(-0.045,-0.002,0.0632369875907898));
#3383=CARTESIAN_POINT('',(-0.045,-0.002,0.0632369875907898));
#3384=CARTESIAN_POINT('',(0.045,-0.002,0.0882369875907898));
#3385=CARTESIAN_POINT('',(0.045,0.,0.0882369875907898));
#3386=CARTESIAN_POINT('',(0.045,0.,0.11323698759079));
#3387=CARTESIAN_POINT('',(0.045,-0.002,0.11323698759079));
#3388=CARTESIAN_POINT('',(0.045,-0.002,0.11323698759079));
#3389=CARTESIAN_POINT('',(0.045,-0.002,0.0882369875907898));
#3390=CARTESIAN_POINT('',(6.93889390390723E-18,-0.002,0.11323698759079));
#3391=CARTESIAN_POINT('',(6.93889390390723E-18,0.,0.11323698759079));
#3392=CARTESIAN_POINT('',(-0.045,0.,0.11323698759079));
#3393=CARTESIAN_POINT('',(-0.045,-0.002,0.11323698759079));
#3394=CARTESIAN_POINT('',(-0.045,-0.002,0.11323698759079));
#3395=CARTESIAN_POINT('',(6.93889390390723E-18,-0.002,0.11323698759079));
#3396=CARTESIAN_POINT('',(0.04,-0.002,0.0882369875907898));
#3397=CARTESIAN_POINT('',(0.04,0.,0.0882369875907898));
#3398=CARTESIAN_POINT('',(0.04,0.,0.0682369875907898));
#3399=CARTESIAN_POINT('',(0.04,0.,0.10823698759079));
#3400=CARTESIAN_POINT('',(0.04,-0.002,0.0682369875907898));
#3401=CARTESIAN_POINT('',(0.04,-0.002,0.0682369875907898));
#3402=CARTESIAN_POINT('',(0.04,-0.002,0.0882369875907898));
#3403=CARTESIAN_POINT('',(0.04,-0.002,0.10823698759079));
#3404=CARTESIAN_POINT('',(0.04,-0.002,0.10823698759079));
#3405=CARTESIAN_POINT('',(6.93889390390723E-18,-0.002,0.0682369875907898));
#3406=CARTESIAN_POINT('',(6.93889390390723E-18,0.,0.0682369875907898));
#3407=CARTESIAN_POINT('',(-0.04,0.,0.0682369875907898));
#3408=CARTESIAN_POINT('',(-0.04,-0.002,0.0682369875907898));
#3409=CARTESIAN_POINT('',(-0.04,-0.002,0.0682369875907898));
#3410=CARTESIAN_POINT('',(6.93889390390723E-18,-0.002,0.0682369875907898));
#3411=CARTESIAN_POINT('',(-0.04,-0.002,0.0882369875907898));
#3412=CARTESIAN_POINT('',(-0.04,0.,0.0882369875907898));
#3413=CARTESIAN_POINT('',(-0.04,0.,0.10823698759079));
#3414=CARTESIAN_POINT('',(-0.04,-0.002,0.10823698759079));
#3415=CARTESIAN_POINT('',(-0.04,-0.002,0.10823698759079));
#3416=CARTESIAN_POINT('',(-0.04,-0.002,0.0882369875907898));
#3417=CARTESIAN_POINT('',(0.,-0.002,0.10823698759079));
#3418=CARTESIAN_POINT('',(0.,0.,0.10823698759079));
#3419=CARTESIAN_POINT('',(0.,-0.002,0.10823698759079));
#3420=CARTESIAN_POINT('',(-0.045,-0.002,0.0882369875907898));
#3421=CARTESIAN_POINT('',(-0.045,0.,0.0882369875907898));
#3422=CARTESIAN_POINT('',(-0.045,-0.002,0.0882369875907898));
#3423=CARTESIAN_POINT('',(6.93889390390723E-18,-0.002,0.0882369875907898));
#3424=CARTESIAN_POINT('',(6.93889390390723E-18,0.,0.0882369875907898));
#3425=MECHANICAL_DESIGN_GEOMETRIC_PRESENTATION_REPRESENTATION('',(#2002),
#3434);
#3426=MECHANICAL_DESIGN_GEOMETRIC_PRESENTATION_REPRESENTATION('',(#2003),
#3435);
#3427=MECHANICAL_DESIGN_GEOMETRIC_PRESENTATION_REPRESENTATION('',(#2004),
#3436);
#3428=MECHANICAL_DESIGN_GEOMETRIC_PRESENTATION_REPRESENTATION('',(#2005),
#3437);
#3429=MECHANICAL_DESIGN_GEOMETRIC_PRESENTATION_REPRESENTATION('',(#2006),
#3438);
#3430=MECHANICAL_DESIGN_GEOMETRIC_PRESENTATION_REPRESENTATION('',(#2007),
#3439);
#3431=MECHANICAL_DESIGN_GEOMETRIC_PRESENTATION_REPRESENTATION('',(#2008),
#3440);
#3432=MECHANICAL_DESIGN_GEOMETRIC_PRESENTATION_REPRESENTATION('',(#2009),
#3441);
#3433=MECHANICAL_DESIGN_GEOMETRIC_PRESENTATION_REPRESENTATION('',(#2010),
#3442);
#3434=(
GEOMETRIC_REPRESENTATION_CONTEXT(3)
GLOBAL_UNCERTAINTY_ASSIGNED_CONTEXT((#3443))
GLOBAL_UNIT_ASSIGNED_CONTEXT((#3470,#3461,#3452))
REPRESENTATION_CONTEXT('IMU','TOP_LEVEL_ASSEMBLY_PART')
);
#3435=(
GEOMETRIC_REPRESENTATION_CONTEXT(3)
GLOBAL_UNCERTAINTY_ASSIGNED_CONTEXT((#3444))
GLOBAL_UNIT_ASSIGNED_CONTEXT((#3471,#3462,#3453))
REPRESENTATION_CONTEXT('Battery','TOP_LEVEL_ASSEMBLY_PART')
);
#3436=(
GEOMETRIC_REPRESENTATION_CONTEXT(3)
GLOBAL_UNCERTAINTY_ASSIGNED_CONTEXT((#3445))
GLOBAL_UNIT_ASSIGNED_CONTEXT((#3472,#3463,#3454))
REPRESENTATION_CONTEXT('Battery Cover','TOP_LEVEL_ASSEMBLY_PART')
);
#3437=(
GEOMETRIC_REPRESENTATION_CONTEXT(3)
GLOBAL_UNCERTAINTY_ASSIGNED_CONTEXT((#3446))
GLOBAL_UNIT_ASSIGNED_CONTEXT((#3473,#3464,#3455))
REPRESENTATION_CONTEXT('Front Housing','TOP_LEVEL_ASSEMBLY_PART')
);
#3438=(
GEOMETRIC_REPRESENTATION_CONTEXT(3)
GLOBAL_UNCERTAINTY_ASSIGNED_CONTEXT((#3447))
GLOBAL_UNIT_ASSIGNED_CONTEXT((#3474,#3465,#3456))
REPRESENTATION_CONTEXT('GPS','TOP_LEVEL_ASSEMBLY_PART')
);
#3439=(
GEOMETRIC_REPRESENTATION_CONTEXT(3)
GLOBAL_UNCERTAINTY_ASSIGNED_CONTEXT((#3448))
GLOBAL_UNIT_ASSIGNED_CONTEXT((#3475,#3466,#3457))
REPRESENTATION_CONTEXT('PCB Tray','TOP_LEVEL_ASSEMBLY_PART')
);
#3440=(
GEOMETRIC_REPRESENTATION_CONTEXT(3)
GLOBAL_UNCERTAINTY_ASSIGNED_CONTEXT((#3449))
GLOBAL_UNIT_ASSIGNED_CONTEXT((#3476,#3467,#3458))
REPRESENTATION_CONTEXT('LCD','TOP_LEVEL_ASSEMBLY_PART')
);
#3441=(
GEOMETRIC_REPRESENTATION_CONTEXT(3)
GLOBAL_UNCERTAINTY_ASSIGNED_CONTEXT((#3450))
GLOBAL_UNIT_ASSIGNED_CONTEXT((#3477,#3468,#3459))
REPRESENTATION_CONTEXT('ESP32','TOP_LEVEL_ASSEMBLY_PART')
);
#3442=(
GEOMETRIC_REPRESENTATION_CONTEXT(3)
GLOBAL_UNCERTAINTY_ASSIGNED_CONTEXT((#3451))
GLOBAL_UNIT_ASSIGNED_CONTEXT((#3478,#3469,#3460))
REPRESENTATION_CONTEXT('LCD Bezel','TOP_LEVEL_ASSEMBLY_PART')
);
#3443=UNCERTAINTY_MEASURE_WITH_UNIT(LENGTH_MEASURE(1.E-8),#3470,
'DISTANCE_ACCURACY_VALUE','Maximum Tolerance applied to model');
#3444=UNCERTAINTY_MEASURE_WITH_UNIT(LENGTH_MEASURE(1.E-8),#3471,
'DISTANCE_ACCURACY_VALUE','Maximum Tolerance applied to model');
#3445=UNCERTAINTY_MEASURE_WITH_UNIT(LENGTH_MEASURE(1.E-8),#3472,
'DISTANCE_ACCURACY_VALUE','Maximum Tolerance applied to model');
#3446=UNCERTAINTY_MEASURE_WITH_UNIT(LENGTH_MEASURE(1.E-8),#3473,
'DISTANCE_ACCURACY_VALUE','Maximum Tolerance applied to model');
#3447=UNCERTAINTY_MEASURE_WITH_UNIT(LENGTH_MEASURE(1.E-8),#3474,
'DISTANCE_ACCURACY_VALUE','Maximum Tolerance applied to model');
#3448=UNCERTAINTY_MEASURE_WITH_UNIT(LENGTH_MEASURE(1.E-8),#3475,
'DISTANCE_ACCURACY_VALUE','Maximum Tolerance applied to model');
#3449=UNCERTAINTY_MEASURE_WITH_UNIT(LENGTH_MEASURE(1.E-8),#3476,
'DISTANCE_ACCURACY_VALUE','Maximum Tolerance applied to model');
#3450=UNCERTAINTY_MEASURE_WITH_UNIT(LENGTH_MEASURE(1.E-8),#3477,
'DISTANCE_ACCURACY_VALUE','Maximum Tolerance applied to model');
#3451=UNCERTAINTY_MEASURE_WITH_UNIT(LENGTH_MEASURE(1.E-8),#3478,
'DISTANCE_ACCURACY_VALUE','Maximum Tolerance applied to model');
#3452=(
NAMED_UNIT(*)
SI_UNIT($,.STERADIAN.)
SOLID_ANGLE_UNIT()
);
#3453=(
NAMED_UNIT(*)
SI_UNIT($,.STERADIAN.)
SOLID_ANGLE_UNIT()
);
#3454=(
NAMED_UNIT(*)
SI_UNIT($,.STERADIAN.)
SOLID_ANGLE_UNIT()
);
#3455=(
NAMED_UNIT(*)
SI_UNIT($,.STERADIAN.)
SOLID_ANGLE_UNIT()
);
#3456=(
NAMED_UNIT(*)
SI_UNIT($,.STERADIAN.)
SOLID_ANGLE_UNIT()
);
#3457=(
NAMED_UNIT(*)
SI_UNIT($,.STERADIAN.)
SOLID_ANGLE_UNIT()
);
#3458=(
NAMED_UNIT(*)
SI_UNIT($,.STERADIAN.)
SOLID_ANGLE_UNIT()
);
#3459=(
NAMED_UNIT(*)
SI_UNIT($,.STERADIAN.)
SOLID_ANGLE_UNIT()
);
#3460=(
NAMED_UNIT(*)
SI_UNIT($,.STERADIAN.)
SOLID_ANGLE_UNIT()
);
#3461=(
NAMED_UNIT(*)
PLANE_ANGLE_UNIT()
SI_UNIT($,.RADIAN.)
);
#3462=(
NAMED_UNIT(*)
PLANE_ANGLE_UNIT()
SI_UNIT($,.RADIAN.)
);
#3463=(
NAMED_UNIT(*)
PLANE_ANGLE_UNIT()
SI_UNIT($,.RADIAN.)
);
#3464=(
NAMED_UNIT(*)
PLANE_ANGLE_UNIT()
SI_UNIT($,.RADIAN.)
);
#3465=(
NAMED_UNIT(*)
PLANE_ANGLE_UNIT()
SI_UNIT($,.RADIAN.)
);
#3466=(
NAMED_UNIT(*)
PLANE_ANGLE_UNIT()
SI_UNIT($,.RADIAN.)
);
#3467=(
NAMED_UNIT(*)
PLANE_ANGLE_UNIT()
SI_UNIT($,.RADIAN.)
);
#3468=(
NAMED_UNIT(*)
PLANE_ANGLE_UNIT()
SI_UNIT($,.RADIAN.)
);
#3469=(
NAMED_UNIT(*)
PLANE_ANGLE_UNIT()
SI_UNIT($,.RADIAN.)
);
#3470=(
LENGTH_UNIT()
NAMED_UNIT(*)
SI_UNIT($,.METRE.)
);
#3471=(
LENGTH_UNIT()
NAMED_UNIT(*)
SI_UNIT($,.METRE.)
);
#3472=(
LENGTH_UNIT()
NAMED_UNIT(*)
SI_UNIT($,.METRE.)
);
#3473=(
LENGTH_UNIT()
NAMED_UNIT(*)
SI_UNIT($,.METRE.)
);
#3474=(
LENGTH_UNIT()
NAMED_UNIT(*)
SI_UNIT($,.METRE.)
);
#3475=(
LENGTH_UNIT()
NAMED_UNIT(*)
SI_UNIT($,.METRE.)
);
#3476=(
LENGTH_UNIT()
NAMED_UNIT(*)
SI_UNIT($,.METRE.)
);
#3477=(
LENGTH_UNIT()
NAMED_UNIT(*)
SI_UNIT($,.METRE.)
);
#3478=(
LENGTH_UNIT()
NAMED_UNIT(*)
SI_UNIT($,.METRE.)
);
#3479=PRODUCT_DEFINITION_SHAPE('','',#3488);
#3480=PRODUCT_DEFINITION_SHAPE('','',#3489);
#3481=PRODUCT_DEFINITION_SHAPE('','',#3490);
#3482=PRODUCT_DEFINITION_SHAPE('','',#3491);
#3483=PRODUCT_DEFINITION_SHAPE('','',#3492);
#3484=PRODUCT_DEFINITION_SHAPE('','',#3493);
#3485=PRODUCT_DEFINITION_SHAPE('','',#3494);
#3486=PRODUCT_DEFINITION_SHAPE('','',#3495);
#3487=PRODUCT_DEFINITION_SHAPE('','',#3496);
#3488=PRODUCT_DEFINITION('','',#3506,#3497);
#3489=PRODUCT_DEFINITION('','',#3507,#3498);
#3490=PRODUCT_DEFINITION('','',#3508,#3499);
#3491=PRODUCT_DEFINITION('','',#3509,#3500);
#3492=PRODUCT_DEFINITION('','',#3510,#3501);
#3493=PRODUCT_DEFINITION('','',#3511,#3502);
#3494=PRODUCT_DEFINITION('','',#3512,#3503);
#3495=PRODUCT_DEFINITION('','',#3513,#3504);
#3496=PRODUCT_DEFINITION('','',#3514,#3505);
#3497=PRODUCT_DEFINITION_CONTEXT('',#3560,'design');
#3498=PRODUCT_DEFINITION_CONTEXT('',#3561,'design');
#3499=PRODUCT_DEFINITION_CONTEXT('',#3562,'design');
#3500=PRODUCT_DEFINITION_CONTEXT('',#3563,'design');
#3501=PRODUCT_DEFINITION_CONTEXT('',#3564,'design');
#3502=PRODUCT_DEFINITION_CONTEXT('',#3565,'design');
#3503=PRODUCT_DEFINITION_CONTEXT('',#3566,'design');
#3504=PRODUCT_DEFINITION_CONTEXT('',#3567,'design');
#3505=PRODUCT_DEFINITION_CONTEXT('',#3568,'design');
#3506=PRODUCT_DEFINITION_FORMATION_WITH_SPECIFIED_SOURCE('','',#3524,
 .NOT_KNOWN.);
#3507=PRODUCT_DEFINITION_FORMATION_WITH_SPECIFIED_SOURCE('','',#3525,
 .NOT_KNOWN.);
#3508=PRODUCT_DEFINITION_FORMATION_WITH_SPECIFIED_SOURCE('','',#3526,
 .NOT_KNOWN.);
#3509=PRODUCT_DEFINITION_FORMATION_WITH_SPECIFIED_SOURCE('','',#3527,
 .NOT_KNOWN.);
#3510=PRODUCT_DEFINITION_FORMATION_WITH_SPECIFIED_SOURCE('','',#3528,
 .NOT_KNOWN.);
#3511=PRODUCT_DEFINITION_FORMATION_WITH_SPECIFIED_SOURCE('','',#3529,
 .NOT_KNOWN.);
#3512=PRODUCT_DEFINITION_FORMATION_WITH_SPECIFIED_SOURCE('','',#3530,
 .NOT_KNOWN.);
#3513=PRODUCT_DEFINITION_FORMATION_WITH_SPECIFIED_SOURCE('','',#3531,
 .NOT_KNOWN.);
#3514=PRODUCT_DEFINITION_FORMATION_WITH_SPECIFIED_SOURCE('','',#3532,
 .NOT_KNOWN.);
#3515=PRODUCT_RELATED_PRODUCT_CATEGORY('','',(#3524));
#3516=PRODUCT_RELATED_PRODUCT_CATEGORY('','',(#3525));
#3517=PRODUCT_RELATED_PRODUCT_CATEGORY('','',(#3526));
#3518=PRODUCT_RELATED_PRODUCT_CATEGORY('','',(#3527));
#3519=PRODUCT_RELATED_PRODUCT_CATEGORY('','',(#3528));
#3520=PRODUCT_RELATED_PRODUCT_CATEGORY('','',(#3529));
#3521=PRODUCT_RELATED_PRODUCT_CATEGORY('','',(#3530));
#3522=PRODUCT_RELATED_PRODUCT_CATEGORY('','',(#3531));
#3523=PRODUCT_RELATED_PRODUCT_CATEGORY('','',(#3532));
#3524=PRODUCT('IMU','IMU','IMU',(#3542));
#3525=PRODUCT('Battery','Battery','Battery',(#3543));
#3526=PRODUCT('Battery Cover','Battery Cover','Battery Cover',(#3544));
#3527=PRODUCT('Front Housing','Front Housing','Front Housing',(#3545));
#3528=PRODUCT('GPS','GPS','GPS',(#3546));
#3529=PRODUCT('PCB Tray','PCB Tray','PCB Tray',(#3547));
#3530=PRODUCT('LCD','LCD','LCD',(#3548));
#3531=PRODUCT('ESP32','ESP32','ESP32',(#3549));
#3532=PRODUCT('LCD Bezel','LCD Bezel','LCD Bezel',(#3550));
#3533=PRODUCT_CATEGORY('','');
#3534=PRODUCT_CATEGORY('','');
#3535=PRODUCT_CATEGORY('','');
#3536=PRODUCT_CATEGORY('','');
#3537=PRODUCT_CATEGORY('','');
#3538=PRODUCT_CATEGORY('','');
#3539=PRODUCT_CATEGORY('','');
#3540=PRODUCT_CATEGORY('','');
#3541=PRODUCT_CATEGORY('','');
#3542=PRODUCT_CONTEXT('',#3560,'mechanical');
#3543=PRODUCT_CONTEXT('',#3561,'mechanical');
#3544=PRODUCT_CONTEXT('',#3562,'mechanical');
#3545=PRODUCT_CONTEXT('',#3563,'mechanical');
#3546=PRODUCT_CONTEXT('',#3564,'mechanical');
#3547=PRODUCT_CONTEXT('',#3565,'mechanical');
#3548=PRODUCT_CONTEXT('',#3566,'mechanical');
#3549=PRODUCT_CONTEXT('',#3567,'mechanical');
#3550=PRODUCT_CONTEXT('',#3568,'mechanical');
#3551=APPLICATION_PROTOCOL_DEFINITION('international standard',
'ap242_managed_model_based_3d_engineering',2020,#3560);
#3552=APPLICATION_PROTOCOL_DEFINITION('international standard',
'ap242_managed_model_based_3d_engineering',2020,#3561);
#3553=APPLICATION_PROTOCOL_DEFINITION('international standard',
'ap242_managed_model_based_3d_engineering',2020,#3562);
#3554=APPLICATION_PROTOCOL_DEFINITION('international standard',
'ap242_managed_model_based_3d_engineering',2020,#3563);
#3555=APPLICATION_PROTOCOL_DEFINITION('international standard',
'ap242_managed_model_based_3d_engineering',2020,#3564);
#3556=APPLICATION_PROTOCOL_DEFINITION('international standard',
'ap242_managed_model_based_3d_engineering',2020,#3565);
#3557=APPLICATION_PROTOCOL_DEFINITION('international standard',
'ap242_managed_model_based_3d_engineering',2020,#3566);
#3558=APPLICATION_PROTOCOL_DEFINITION('international standard',
'ap242_managed_model_based_3d_engineering',2020,#3567);
#3559=APPLICATION_PROTOCOL_DEFINITION('international standard',
'ap242_managed_model_based_3d_engineering',2020,#3568);
#3560=APPLICATION_CONTEXT('managed model based 3d engineering');
#3561=APPLICATION_CONTEXT('managed model based 3d engineering');
#3562=APPLICATION_CONTEXT('managed model based 3d engineering');
#3563=APPLICATION_CONTEXT('managed model based 3d engineering');
#3564=APPLICATION_CONTEXT('managed model based 3d engineering');
#3565=APPLICATION_CONTEXT('managed model based 3d engineering');
#3566=APPLICATION_CONTEXT('managed model based 3d engineering');
#3567=APPLICATION_CONTEXT('managed model based 3d engineering');
#3568=APPLICATION_CONTEXT('managed model based 3d engineering');
ENDSEC;
END-ISO-10303-21;
